unordered_pair_key,drug_A_id,drug_A_name,drug_B_id,drug_B_name,n_cells,pcp,agg_product,pearson_r,inv_pearson,complementarity,pcp_shuf,complementarity_shuf,kg_support_sources,kg_support_source_count,kg_support_score,cell_set,cancer,nci_score,is_syn
1006||1079,1006,Cytarabine,1079,Dasatinib,62,0.2004822386810545,0.1870183845548536,0.3026703097507922,0.6973296902492078,0.1398022173999275,0.1584980858294746,0.159256596108636,ChEMBL|DRKG|PrimeKG,3,49.0,all_cells,NSCLC,-1.2098765432098766,0
1021||1083,1021,Axitinib,1083,Crizotinib,84,0.0919734328098048,0.0929503233315439,0.8748595698430265,0.1251404301569735,0.0115095949448324,0.0941418863068157,0.0945208444588868,ChEMBL|DRKG|PrimeKG,3,49.0,all_cells,NSCLC,2.814814814814815,1
1190||1511,1190,Gemcitabine,1511,Epirubicin,84,0.0834523030794297,0.0831731691426524,0.9082134575156708,0.0917865424843291,0.0076597983620151,0.069301312619868,0.064997866457009,ChEMBL|DRKG|PrimeKG,3,49.0,all_cells,NSCLC,1.2571428571428571,1
1190||1808,1190,Gemcitabine,1808,Topotecan,62,0.1099606420919936,0.1077384640984008,0.9110973329604276,0.0889026670395722,0.009775794351362,0.0856170274082684,0.0976332525235385,ChEMBL|DRKG|PrimeKG,3,49.0,all_cells,NSCLC,-3.3333333333333335,0
1190||1810,1190,Gemcitabine,1810,Mitoxantrone,62,0.1031239805240663,0.1023928622399565,0.8375771531901156,0.1624228468098844,0.0167496904910859,0.1062002143126606,0.0855082328555652,ChEMBL|DRKG|PrimeKG,3,49.0,all_cells,NSCLC,-0.04938271604938271,0
1190||1813,1190,Gemcitabine,1813,Fludarabine,62,0.1273620722923373,0.1332059816890101,0.168092470195208,0.831907529804792,0.1059534669515376,0.1261681128017971,0.0969028526212974,ChEMBL|DRKG|PrimeKG,3,49.0,all_cells,NSCLC,-4.580246913580247,0
1511||1808,1511,Epirubicin,1808,Topotecan,62,0.1114840157742169,0.1181706599368757,0.744263137579709,0.255736862420291,0.0285105724041124,0.0937545931978058,0.0803668651700951,ChEMBL|DRKG|PrimeKG,3,49.0,all_cells,NSCLC,-1.8833333333333333,0
1511||1810,1511,Epirubicin,1810,Mitoxantrone,62,0.1057285079701678,0.112307449386601,0.7032854499464712,0.2967145500535287,0.0313711866701992,0.0969268970383941,0.1201405216083686,ChEMBL|DRKG|PrimeKG,3,49.0,all_cells,NSCLC,0.21666666666666667,1
1808||1810,1808,Topotecan,1810,Mitoxantrone,62,0.1261354114541083,0.1335597676424679,0.9260953053276192,0.0739046946723808,0.009321999070891,0.1182468697531957,0.1184304038465466,ChEMBL|DRKG|PrimeKG,3,49.0,all_cells,NSCLC,0.7283950617283951,1
1808||1813,1808,Topotecan,1813,Fludarabine,62,0.1556905427339372,0.1737519547141686,0.1416004149560641,0.8583995850439359,0.1336446972780768,0.1462885160621262,0.1245853292586777,ChEMBL|DRKG|PrimeKG,3,49.0,all_cells,NSCLC,-3.8271604938271606,0
1810||1813,1810,Mitoxantrone,1813,Fludarabine,62,0.1632178497174512,0.1651309967322535,0.2711008211090051,0.7288991788909949,0.118969356639404,0.1427593586757443,0.1578430538830895,ChEMBL|DRKG|PrimeKG,3,49.0,all_cells,NSCLC,4.518518518518518,1
1004||1006,1004,Vinblastine,1006,Cytarabine,62,0.079217431735901,0.0840753923417702,0.43503899098284,0.56496100901716,0.0447547601652626,0.0736198616658343,0.0748066882415109,ChEMBL|DRKG|PrimeKG,3,48.0,all_cells,NSCLC,-3.617283950617284,0
1004||1010,1004,Vinblastine,1010,Gefitinib,62,0.1308104781940334,0.1410784389844064,-0.2722208751387349,1.272220875138735,0.1664198210453296,0.1450614683222891,0.1364064990130768,ChEMBL|DRKG|PrimeKG,3,48.0,all_cells,NSCLC,11.11111111111111,1
1004||1012,1004,Vinblastine,1012,Vorinostat,62,0.0525265683409822,0.0668534029191653,0.6514659470834264,0.3485340529165736,0.0183072977496819,0.050021805955303,0.0494630816439668,ChEMBL|DRKG|PrimeKG,3,48.0,all_cells,NSCLC,-3.4285714285714284,0
1004||1021,1004,Vinblastine,1021,Axitinib,62,0.0702609445187501,0.0745270597916273,0.7390954138768198,0.2609045861231802,0.0183314026502882,0.0677936027224457,0.07130145926078,ChEMBL|DRKG|PrimeKG,3,48.0,all_cells,NSCLC,-2.9753086419753085,0
1004||1079,1004,Vinblastine,1079,Dasatinib,62,0.1153663402305222,0.1351756396681516,-0.181578460479505,1.181578460479505,0.1363143826807352,0.1098556081975127,0.1024781314990712,ChEMBL|DRKG|PrimeKG,3,48.0,all_cells,NSCLC,-3.6419753086419755,0
1004||1083,1004,Vinblastine,1083,Crizotinib,62,0.0605296395568711,0.0756684105496098,0.7318548825379262,0.2681451174620738,0.0162307273089142,0.0667228552533011,0.0709909830813802,ChEMBL|DRKG|PrimeKG,3,48.0,all_cells,NSCLC,5.333333333333333,1
1004||1190,1004,Vinblastine,1190,Gemcitabine,62,0.0582492619928819,0.0657226903478481,0.5481077920329176,0.4518922079670824,0.0263223876144165,0.0479769057896164,0.0562048973708502,ChEMBL|DRKG|PrimeKG,3,48.0,all_cells,NSCLC,-1.271604938271605,0
1004||1511,1004,Vinblastine,1511,Epirubicin,62,0.060922478061097,0.0702757132022179,0.7044272208952471,0.2955727791047529,0.0180070261504667,0.0487914768662589,0.0457844959896019,ChEMBL|DRKG|PrimeKG,3,48.0,all_cells,NSCLC,-1.6083333333333334,0
1004||1558,1004,Vinblastine,1558,Lapatinib,62,0.085329100284224,0.0842337908725027,0.1659795425898486,0.8340204574101513,0.0711662152494452,0.0892936571163277,0.0899632690335467,ChEMBL|DRKG|PrimeKG,3,48.0,all_cells,NSCLC,-0.4074074074074074,0
1004||1808,1004,Vinblastine,1808,Topotecan,56,0.0745548294809337,0.1161084042939954,0.2536327238519202,0.7463672761480797,0.055645285003369,0.0732979057260743,0.0823452394869178,ChEMBL|DRKG|PrimeKG,3,48.0,all_cells,NSCLC,-3.5555555555555554,0
1004||1810,1004,Vinblastine,1810,Mitoxantrone,56,0.0782404310622748,0.1126925694127599,0.3232510904686969,0.6767489095313031,0.0529491264026535,0.0744637878715796,0.063029966011929,ChEMBL|DRKG|PrimeKG,3,48.0,all_cells,NSCLC,1.1666666666666667,1
1004||1813,1004,Vinblastine,1813,Fludarabine,56,0.1028015970859876,0.1394014531622346,-0.2276859071554865,1.2276859071554864,0.1262080719755435,0.1049868240761342,0.1214143904744358,ChEMBL|DRKG|PrimeKG,3,48.0,all_cells,NSCLC,-3.814814814814815,0
1006||1010,1006,Cytarabine,1010,Gefitinib,62,0.2023608729961488,0.1951850334805591,0.241100780227217,0.758899219772783,0.1535715086293165,0.1928497818594141,0.2392000151602397,ChEMBL|DRKG|PrimeKG,3,48.0,all_cells,NSCLC,-0.13580246913580246,0
1006||1012,1006,Cytarabine,1012,Vorinostat,62,0.1056079866186077,0.0924931107900115,0.3676498023583963,0.6323501976416037,0.0667812312108084,0.0833814397745085,0.0971577605297753,ChEMBL|DRKG|PrimeKG,3,48.0,all_cells,NSCLC,-5.190476190476191,0
1006||1021,1006,Cytarabine,1021,Axitinib,62,0.114081572351735,0.1031097789666092,0.2680900820898517,0.7319099179101483,0.083497434255019,0.1100610029902448,0.1066843484206206,ChEMBL|DRKG|PrimeKG,3,48.0,all_cells,NSCLC,-3.4691358024691357,0
1006||1083,1006,Cytarabine,1083,Crizotinib,62,0.1093167748992352,0.1046888621171854,0.4423999103213979,0.557600089678602,0.0609550434871891,0.1023204514149432,0.0945278619712376,ChEMBL|DRKG|PrimeKG,3,48.0,all_cells,NSCLC,-1.9876543209876543,0
1006||1190,1006,Cytarabine,1190,Gemcitabine,62,0.0890469297606071,0.0909287457978965,0.8851473855533429,0.114852614446657,0.0102272726914535,0.083600502786081,0.0774161324803739,ChEMBL|DRKG|PrimeKG,3,48.0,all_cells,NSCLC,-0.07407407407407407,0
1006||1511,1006,Cytarabine,1511,Epirubicin,62,0.0926997934482158,0.0972279501601318,0.8074993551502855,0.1925006448497145,0.0178447700162168,0.0863876159787796,0.09758126596742,ChEMBL|DRKG|PrimeKG,3,48.0,all_cells,NSCLC,2.419047619047619,1
1006||1558,1006,Cytarabine,1558,Lapatinib,62,0.1250390720279248,0.1165392487328352,0.3256603240394645,0.6743396759605355,0.0843188073137169,0.1110936016221051,0.0999876103854014,ChEMBL|DRKG|PrimeKG,3,48.0,all_cells,NSCLC,-4.209876543209877,0
1006||1808,1006,Cytarabine,1808,Topotecan,56,0.1190205534865705,0.1331564245288155,0.794528338266097,0.2054716617339029,0.0244553509053745,0.1210163930235489,0.1181162475392681,ChEMBL|DRKG|PrimeKG,3,48.0,all_cells,NSCLC,-2.197530864197531,0
1006||1810,1006,Cytarabine,1810,Mitoxantrone,56,0.1203690087890785,0.1292390478123597,0.8587119375322861,0.1412880624677138,0.0170067040329681,0.1269421865890172,0.1354903803305244,ChEMBL|DRKG|PrimeKG,3,48.0,all_cells,NSCLC,0.24691358024691357,1
1010||1012,1010,Gefitinib,1012,Vorinostat,84,0.1406767104560609,0.1588771920962831,-0.01258010464407,1.01258010464407,0.1424464381945817,0.1375163159678394,0.1421369882654276,ChEMBL|DRKG|PrimeKG,3,48.0,all_cells,NSCLC,1.8024691358024691,1
1010||1021,1010,Gefitinib,1021,Axitinib,84,0.1800965135296914,0.1736454457645776,-0.2476292713801468,1.247629271380147,0.2246936819531536,0.1711239844164471,0.1750787612079936,ChEMBL|DRKG|PrimeKG,3,48.0,all_cells,NSCLC,-1.691358024691358,0
1010||1079,1010,Gefitinib,1079,Dasatinib,84,0.2916043190843934,0.3095639580439124,0.6352743519259535,0.3647256480740465,0.1063555742592464,0.2688952329972908,0.3181484778771181,ChEMBL|DRKG|PrimeKG,3,48.0,all_cells,NSCLC,6.234567901234568,1
1010||1083,1010,Gefitinib,1083,Crizotinib,84,0.1664579223747361,0.1667140252002676,-0.0823327308579803,1.0823327308579804,0.1801628576967939,0.1795296360129047,0.1814841653489652,ChEMBL|DRKG|PrimeKG,3,48.0,all_cells,NSCLC,3.506172839506173,1
1010||1190,1010,Gefitinib,1190,Gemcitabine,84,0.1485760595583229,0.1538662245214418,0.040496418715505,0.959503581284495,0.1425592612393492,0.1303879228338494,0.1320334636283205,ChEMBL|DRKG|PrimeKG,3,48.0,all_cells,NSCLC,1.0,1
1010||1511,1010,Gefitinib,1511,Epirubicin,84,0.1695468397977859,0.1683544430147175,0.0503398405444826,0.9496601594555172,0.1610118789175444,0.1580045858712372,0.1261411396853243,ChEMBL|DRKG|PrimeKG,3,48.0,all_cells,NSCLC,3.2333333333333334,1
1010||1558,1010,Gefitinib,1558,Lapatinib,84,0.1882595868904493,0.2071358971055255,0.7228417679421132,0.2771582320578868,0.052177694270505,0.1797116794395315,0.1842080565352216,ChEMBL|DRKG|PrimeKG,3,48.0,all_cells,NSCLC,-0.2716049382716049,0
1010||1808,1010,Gefitinib,1808,Topotecan,62,0.1846303061312893,0.2115120430035847,-0.0212318236078808,1.0212318236078808,0.1885503442237379,0.1651147854503231,0.1765812645127112,ChEMBL|DRKG|PrimeKG,3,48.0,all_cells,NSCLC,4.185185185185185,1
1010||1810,1010,Gefitinib,1810,Mitoxantrone,62,0.1974545578863082,0.2010175628787276,0.0710816199362712,0.9289183800637288,0.1834191680479492,0.1800209886352793,0.157340028319518,ChEMBL|DRKG|PrimeKG,3,48.0,all_cells,NSCLC,16.666666666666668,1
1010||1813,1010,Gefitinib,1813,Fludarabine,62,0.2538112406797517,0.2615098476028752,0.7050847751884778,0.2949152248115222,0.0748527991047603,0.2395143221100527,0.264939957559109,ChEMBL|DRKG|PrimeKG,3,48.0,all_cells,NSCLC,0.5555555555555556,1
1012||1079,1012,Vorinostat,1079,Dasatinib,84,0.124538512382117,0.157916429705274,-0.124915961599474,1.124915961599474,0.1400953604124971,0.1201874799595748,0.1212944041923564,ChEMBL|DRKG|PrimeKG,3,48.0,all_cells,NSCLC,-1.0617283950617284,0
1012||1190,1012,Vorinostat,1190,Gemcitabine,84,0.0656142620551498,0.0784910652460693,0.3872242353868171,0.6127757646131828,0.0402068296003742,0.0605453595428347,0.0556176955559102,ChEMBL|DRKG|PrimeKG,3,48.0,all_cells,NSCLC,-6.190476190476191,0
1012||1511,1012,Vorinostat,1511,Epirubicin,84,0.0776690756765498,0.0858818731156452,0.5592634489361038,0.4407365510638962,0.0342316005380033,0.0588436490151629,0.0585460033429449,ChEMBL|DRKG|PrimeKG,3,48.0,all_cells,NSCLC,3.408333333333333,1
1012||1558,1012,Vorinostat,1558,Lapatinib,84,0.0938894777212873,0.1056652768668359,0.4217877392642656,0.5782122607357344,0.0542880471725229,0.0876828347427707,0.0972019506029628,ChEMBL|DRKG|PrimeKG,3,48.0,all_cells,NSCLC,-2.0617283950617282,0
1012||1808,1012,Vorinostat,1808,Topotecan,62,0.0840415961103004,0.1048590610127447,0.1731050177543722,0.8268949822456277,0.0694935741235211,0.0771331269309642,0.0664024850996369,ChEMBL|DRKG|PrimeKG,3,48.0,all_cells,NSCLC,-0.37037037037037035,0
1012||1810,1012,Vorinostat,1810,Mitoxantrone,62,0.0840285110943315,0.099656324960071,0.3244135894246148,0.6755864105753853,0.0567685201962133,0.0712785261296514,0.0756071638518938,ChEMBL|DRKG|PrimeKG,3,48.0,all_cells,NSCLC,10.74074074074074,1
1012||1813,1012,Vorinostat,1813,Fludarabine,62,0.1225078378388681,0.1296459372989874,0.1618363692486175,0.8381636307513824,0.1026816141585272,0.1244969945587591,0.1258244309798746,ChEMBL|DRKG|PrimeKG,3,48.0,all_cells,NSCLC,-4.73015873015873,0
1021||1511,1021,Axitinib,1511,Epirubicin,84,0.0956670211534186,0.0938649276431415,0.5587559080563252,0.4412440919436747,0.0422125078777965,0.0858025771085168,0.0872754586302146,ChEMBL|DRKG|PrimeKG,3,48.0,all_cells,NSCLC,-5.716666666666667,0
1021||1558,1021,Axitinib,1558,Lapatinib,84,0.13705911166174,0.1154872758089768,0.1747831347474206,0.8252168652525793,0.1131034904798043,0.1249069423043541,0.1179149856287724,ChEMBL|DRKG|PrimeKG,3,48.0,all_cells,NSCLC,-4.592592592592593,0
1021||1808,1021,Axitinib,1808,Topotecan,62,0.1036928229811285,0.1166432087702483,0.1228396983595663,0.8771603016404337,0.0909552278840748,0.1075973736307774,0.1005988395061498,ChEMBL|DRKG|PrimeKG,3,48.0,all_cells,NSCLC,-4.345679012345679,0
1021||1810,1021,Axitinib,1810,Mitoxantrone,62,0.1102039634561382,0.1108557849490989,0.1537790696346563,0.8462209303653436,0.0932569004858016,0.1228284924279965,0.1118202113953499,ChEMBL|DRKG|PrimeKG,3,48.0,all_cells,NSCLC,-0.9012345679012346,0
1079||1083,1079,Dasatinib,1083,Crizotinib,84,0.1514940261332828,0.1657058719005222,-0.0240716153401814,1.0240716153401814,0.1551407320566986,0.1486342694640177,0.1540533469904339,ChEMBL|DRKG|PrimeKG,3,48.0,all_cells,NSCLC,3.2222222222222223,1
1079||1190,1079,Dasatinib,1190,Gemcitabine,84,0.1246462393898785,0.1529357644609621,0.2482786178659004,0.7517213821340996,0.0936992433519773,0.1185939273304572,0.1227380740685491,ChEMBL|DRKG|PrimeKG,3,48.0,all_cells,NSCLC,-1.7654320987654322,0
1079||1511,1079,Dasatinib,1511,Epirubicin,84,0.1575732509000345,0.1673363697779385,0.2226418505718269,0.777358149428173,0.122490850719032,0.1289747789395253,0.1300211260381217,ChEMBL|DRKG|PrimeKG,3,48.0,all_cells,NSCLC,1.7583333333333333,1
1079||1558,1079,Dasatinib,1558,Lapatinib,84,0.1898950870507658,0.2058833046022144,0.548621550197757,0.4513784498022429,0.0857145500180366,0.164528400153448,0.1192549785336569,ChEMBL|DRKG|PrimeKG,3,48.0,all_cells,NSCLC,1.0987654320987654,1
1079||1808,1079,Dasatinib,1808,Topotecan,62,0.1549807284945812,0.2055631631307609,-0.0350993532672474,1.0350993532672474,0.1604204518336279,0.1531451971669616,0.1719744412547987,ChEMBL|DRKG|PrimeKG,3,48.0,all_cells,NSCLC,-1.2345679012345678,0
1079||1810,1079,Dasatinib,1810,Mitoxantrone,62,0.1783100769864444,0.1953638454028245,0.001595404097639,0.998404595902361,0.1780256003589699,0.175501989478382,0.1849992122189383,ChEMBL|DRKG|PrimeKG,3,48.0,all_cells,NSCLC,6.666666666666667,1
1079||1813,1079,Dasatinib,1813,Fludarabine,62,0.2530847511211891,0.2541547549714661,0.5341578656114542,0.4658421343885458,0.1178975406434886,0.2269321532516916,0.2447063200265768,ChEMBL|DRKG|PrimeKG,3,48.0,all_cells,NSCLC,-3.185185185185185,0
1083||1190,1083,Crizotinib,1190,Gemcitabine,84,0.0770730739759011,0.0823627435554054,0.5804732139607026,0.4195267860392974,0.0323342190152788,0.0606638909782248,0.0569688014275861,ChEMBL|DRKG|PrimeKG,3,48.0,all_cells,NSCLC,-6.666666666666667,0
1083||1558,1083,Crizotinib,1558,Lapatinib,84,0.1162669273506715,0.1108773600410518,0.3700049630084314,0.6299950369915686,0.0732475871971823,0.105952098291978,0.109380211326699,ChEMBL|DRKG|PrimeKG,3,48.0,all_cells,NSCLC,-3.8518518518518516,0
1083||1808,1083,Crizotinib,1808,Topotecan,62,0.1036709569916662,0.1170831645543332,0.2840695198907945,0.7159304801092055,0.0742211980124244,0.0945948657561198,0.1017377547597981,ChEMBL|DRKG|PrimeKG,3,48.0,all_cells,NSCLC,-6.37037037037037,0
1083||1810,1083,Crizotinib,1810,Mitoxantrone,62,0.1049619872534224,0.1112739116819093,0.3831824064435681,0.6168175935564318,0.0647424003925568,0.1038521580956714,0.1051740015926798,ChEMBL|DRKG|PrimeKG,3,48.0,all_cells,NSCLC,3.9876543209876543,1
1190||1558,1190,Gemcitabine,1558,Lapatinib,84,0.0940440026389595,0.1023326067133663,0.3944937295469082,0.6055062704530918,0.0569442332963971,0.0871425280180749,0.0693462905516029,ChEMBL|DRKG|PrimeKG,3,48.0,all_cells,NSCLC,-5.6419753086419755,0
1190||1809,1190,Gemcitabine,1809,Teniposide,62,0.0895800716934137,0.0915268059746036,0.8900607485849203,0.1099392514150796,0.009848366023683,0.0848155953691345,0.0716550035715242,ChEMBL|DRKG|PrimeKG,3,48.0,all_cells,NSCLC,-2.7901234567901234,0
1511||1558,1511,Epirubicin,1558,Lapatinib,84,0.114184140499432,0.1119683612115414,0.4949964009182405,0.5050035990817595,0.0576634019102704,0.0874094075616087,0.0746040616150677,ChEMBL|DRKG|PrimeKG,3,48.0,all_cells,NSCLC,3.4571428571428573,1
1511||1809,1511,Epirubicin,1809,Teniposide,62,0.1030222732025259,0.1003892449594873,0.8767667789746555,0.1232332210253445,0.0126957665641003,0.0828656448404889,0.0871702643327737,ChEMBL|DRKG|PrimeKG,3,48.0,all_cells,NSCLC,-5.504761904761905,0
1558||1808,1558,Lapatinib,1808,Topotecan,62,0.1326631848573274,0.1391398178253929,0.1682163759393,0.8317836240606999,0.1103470646800624,0.1108364282860604,0.1160935814326731,ChEMBL|DRKG|PrimeKG,3,48.0,all_cells,NSCLC,-0.6296296296296297,0
1558||1810,1558,Lapatinib,1810,Mitoxantrone,62,0.132264895270371,0.1322361917622657,0.2370505043689896,0.7629494956310103,0.100911435136218,0.135197919474283,0.1288402547300458,ChEMBL|DRKG|PrimeKG,3,48.0,all_cells,NSCLC,10.296296296296296,1
1558||1813,1558,Lapatinib,1813,Fludarabine,62,0.1828338355526598,0.1720300746865447,0.4522065665651937,0.5477934334348062,0.1001551745254462,0.1710269203355344,0.1777688628921817,ChEMBL|DRKG|PrimeKG,3,48.0,all_cells,NSCLC,-3.654320987654321,0
1808||1809,1808,Topotecan,1809,Teniposide,62,0.1165046270806429,0.1193862411070977,0.8108075674279213,0.1891924325720787,0.0220417938032897,0.0985344786635294,0.1178064064341143,ChEMBL|DRKG|PrimeKG,3,48.0,all_cells,NSCLC,-0.7037037037037037,0
1809||1810,1809,Teniposide,1810,Mitoxantrone,62,0.1085529989161018,0.1134627177148217,0.8550818682400944,0.1449181317599056,0.0157312977998565,0.0941276991626637,0.1026432734582019,ChEMBL|DRKG|PrimeKG,3,48.0,all_cells,NSCLC,1.9135802469135803,1
1809||1813,1809,Teniposide,1813,Fludarabine,62,0.1375617738587491,0.1476070926007184,0.1025850259887184,0.8974149740112816,0.1234499957123951,0.1382518567846446,0.1499158719756782,ChEMBL|DRKG|PrimeKG,3,48.0,all_cells,NSCLC,0.8641975308641975,1
1004||1809,1004,Vinblastine,1809,Teniposide,56,0.0716321196975216,0.0965837892798016,0.6504956965124615,0.3495043034875384,0.0250357341022182,0.074944829927133,0.075140678287432,ChEMBL|DRKG|PrimeKG,3,47.0,all_cells,NSCLC,-0.43209876543209874,0
1006||1809,1006,Cytarabine,1809,Teniposide,56,0.1127991229165283,0.1107650400170733,0.819457203077484,0.1805427969225159,0.0203650691417566,0.1128894880146672,0.133850536421988,ChEMBL|DRKG|PrimeKG,3,47.0,all_cells,NSCLC,-0.18518518518518517,0
1006||1813,1006,Cytarabine,1813,Fludarabine,56,0.1683260453644751,0.1598695563001916,0.5149718463425985,0.4850281536574015,0.0816428709955833,0.1532909572547079,0.1193916936776779,ChEMBL|DRKG|PrimeKG,3,47.0,all_cells,NSCLC,-1.2592592592592593,0
1010||1809,1010,Gefitinib,1809,Teniposide,62,0.1846718681670656,0.1796853322839272,-0.1415604454664449,1.141560445466445,0.210814100089916,0.1701641348478935,0.1692818247049291,ChEMBL|DRKG|PrimeKG,3,47.0,all_cells,NSCLC,8.604938271604938,1
1012||1809,1012,Vorinostat,1809,Teniposide,62,0.0854245049891448,0.0890806733909534,0.474603431783085,0.5253965682169149,0.0448817417629254,0.0843373623592971,0.0782845172980289,ChEMBL|DRKG|PrimeKG,3,47.0,all_cells,NSCLC,8.074074074074074,1
1021||1079,1021,Axitinib,1079,Dasatinib,84,0.1666496019339599,0.1725953767681448,-0.1560173234854914,1.1560173234854916,0.1926498267876189,0.1595799418628662,0.1560262886643025,ChEMBL|DRKG|PrimeKG,3,47.0,all_cells,NSCLC,-1.0123456790123457,0
1021||1809,1021,Axitinib,1809,Teniposide,62,0.0974856867570873,0.0990916329345386,0.4637752894892518,0.5362247105107483,0.0522742341602606,0.0959672166598292,0.1101776397387895,ChEMBL|DRKG|PrimeKG,3,47.0,all_cells,NSCLC,-2.962962962962963,0
1079||1809,1079,Dasatinib,1809,Teniposide,62,0.1468541316619992,0.1746315942485597,-0.137000579493968,1.137000579493968,0.1669732328007766,0.1483264418714827,0.1170389358736214,ChEMBL|DRKG|PrimeKG,3,47.0,all_cells,NSCLC,7.0246913580246915,1
1083||1809,1083,Crizotinib,1809,Teniposide,62,0.0881269260883589,0.0994653875450607,0.5781480832413922,0.4218519167586078,0.0371765126884183,0.0978054197274268,0.099210806217431,ChEMBL|DRKG|PrimeKG,3,47.0,all_cells,NSCLC,-1.8641975308641976,0
1558||1809,1558,Lapatinib,1809,Teniposide,62,0.1227705448447193,0.118203124724473,0.1990234297843185,0.8009765702156815,0.0983363299332338,0.11122515156458,0.0997002401174103,ChEMBL|DRKG|PrimeKG,3,47.0,all_cells,NSCLC,3.1728395061728394,1
1021||1190,1021,Axitinib,1190,Gemcitabine,84,0.0786593782084621,0.0857871154025078,0.4696711093878321,0.5303288906121679,0.0417153407815366,0.0754716045999799,0.0720952742073383,ChEMBL|DRKG|PrimeKG,3,44.0,all_cells,NSCLC,-6.506172839506172,0
1012||1021,1012,Vorinostat,1021,Axitinib,84,0.0878403471274596,0.0885809478693676,0.6541431359894543,0.3458568640105457,0.0303801869911009,0.0802287985756603,0.0830810347172811,ChEMBL|DRKG|PrimeKG,3,39.0,all_cells,NSCLC,-3.074074074074074,0
1004||1819,1004,Vinblastine,1819,Docetaxel,55,0.0525371339036745,0.0563921454107728,0.9713949939191024,0.0286050060808975,0.0015028250347875,0.0402978305530854,0.0392456950967983,ChEMBL|DRKG|PrimeKG,3,29.0,all_cells,NSCLC,-6.634920634920635,0
1006||1819,1006,Cytarabine,1819,Docetaxel,55,0.0600008541192664,0.0713823750287858,0.4137569895702384,0.5862430104297616,0.0351750813472357,0.0617801299373049,0.0638805348534298,ChEMBL|DRKG|PrimeKG,3,28.0,all_cells,NSCLC,-4.365079365079365,0
1010||1819,1010,Gefitinib,1819,Docetaxel,60,0.0916473480680164,0.1091898369137901,-0.236149173926799,1.236149173926799,0.1132897936068603,0.0934742008638291,0.112994600459365,ChEMBL|DRKG|PrimeKG,3,28.0,all_cells,NSCLC,20.296296296296298,1
1012||1819,1012,Vorinostat,1819,Docetaxel,60,0.0326880864033539,0.0522827901891996,0.6201860316994499,0.3798139683005501,0.0124153918130091,0.0312800217240964,0.0323212797069037,ChEMBL|DRKG|PrimeKG,3,28.0,all_cells,NSCLC,-2.1904761904761907,0
1021||1819,1021,Axitinib,1819,Docetaxel,60,0.0577362859309311,0.0582498278905137,0.6687551669538871,0.3312448330461128,0.0191248463938939,0.0492933923895741,0.035432750337424,ChEMBL|DRKG|PrimeKG,3,28.0,all_cells,NSCLC,0.5555555555555556,1
1079||1819,1079,Dasatinib,1819,Docetaxel,60,0.0770762151986346,0.1053082116870737,-0.1680584941673447,1.1680584941673446,0.0900295278610353,0.0727474064408442,0.0742709689763699,ChEMBL|DRKG|PrimeKG,3,28.0,all_cells,NSCLC,-1.5555555555555556,0
1083||1819,1083,Crizotinib,1819,Docetaxel,60,0.0514128727228724,0.0582743255814189,0.7300222277770062,0.2699777722229938,0.0138803328413054,0.0458946697403556,0.052741031484716,ChEMBL|DRKG|PrimeKG,3,28.0,all_cells,NSCLC,-3.2222222222222223,0
1190||1819,1190,Gemcitabine,1819,Docetaxel,60,0.0370954532576718,0.0528123676777504,0.5097881538502774,0.4902118461497226,0.018184630625204,0.035035299443833,0.0434392774502938,ChEMBL|DRKG|PrimeKG,3,28.0,all_cells,NSCLC,0.18518518518518517,1
1511||1819,1511,Epirubicin,1819,Docetaxel,60,0.0423638588474326,0.0592061000268077,0.6508345837024968,0.3491654162975032,0.0147919944104324,0.0336724676877136,0.0363057449951888,ChEMBL|DRKG|PrimeKG,3,28.0,all_cells,NSCLC,-3.323809523809524,0
1558||1819,1558,Lapatinib,1819,Docetaxel,60,0.0499163143521072,0.0704639875979565,0.179318940473052,0.8206810595269479,0.0409653737501676,0.0576957063634843,0.057458901612808,ChEMBL|DRKG|PrimeKG,3,28.0,all_cells,NSCLC,18.098765432098766,1
1808||1819,1808,Topotecan,1819,Docetaxel,60,0.0504858292099359,0.0673438637307148,0.3568064351226688,0.6431935648773311,0.0324721604653267,0.0487946432548007,0.0511808552579116,ChEMBL|DRKG|PrimeKG,3,28.0,all_cells,NSCLC,-9.753086419753087,0
1810||1819,1810,Mitoxantrone,1819,Docetaxel,60,0.048627597725826,0.0640509901261069,0.4362452373997572,0.5637547626002428,0.0274140398117431,0.042039274445911,0.0367913464000624,ChEMBL|DRKG|PrimeKG,3,28.0,all_cells,NSCLC,-0.12345679012345678,0
1813||1819,1813,Fludarabine,1819,Docetaxel,60,0.066834192731266,0.0879924652299315,-0.1458637100761558,1.145863710076156,0.0765828760429933,0.0670377074493994,0.0583740801645669,ChEMBL|DRKG|PrimeKG,3,28.0,all_cells,NSCLC,-8.428571428571429,0
1809||1819,1809,Teniposide,1819,Docetaxel,60,0.0540230334259102,0.0597493344573823,0.7098409378804388,0.2901590621195612,0.0156752727117158,0.0432930080094676,0.0498856980062572,ChEMBL|DRKG|PrimeKG,3,27.0,all_cells,NSCLC,-2.246913580246914,0
1004||2048,1004,Vinblastine,2048,Vinorelbine,62,0.053597336826969,0.0576841783942594,0.9892119491558606,0.0107880508441393,0.0005782107947998,0.0536009741942256,0.0441540561426777,DRKG|PrimeKG,2,44.0,all_cells,NSCLC,3.950617283950617,1
1006||2048,1006,Cytarabine,2048,Vinorelbine,62,0.073731097554016,0.0798072928240052,0.4511465067053987,0.5488534932946013,0.0404675704569667,0.0706960612105608,0.0658793953455476,DRKG|PrimeKG,2,44.0,all_cells,NSCLC,-6.111111111111111,0
1010||2048,1010,Gefitinib,2048,Vinorelbine,84,0.1271224796679896,0.1404473789540944,-0.2339733827156328,1.2339733827156327,0.1568657562551084,0.1138702171467633,0.1037263419399839,DRKG|PrimeKG,2,44.0,all_cells,NSCLC,9.08641975308642,1
1012||1083,1012,Vorinostat,1083,Crizotinib,84,0.0761605287219193,0.0850450543654271,0.7916510811614046,0.2083489188385954,0.0158679638173876,0.0781596211681599,0.0748982890422617,ChEMBL|DRKG,2,44.0,all_cells,NSCLC,-4.62962962962963,0
1012||2048,1012,Vorinostat,2048,Vinorelbine,84,0.0523152241418353,0.0716457716396949,0.6810653041266397,0.3189346958733603,0.0166851401012229,0.0549040688427079,0.0455359929724527,DRKG|PrimeKG,2,44.0,all_cells,NSCLC,0.8765432098765432,1
1079||2048,1079,Dasatinib,2048,Vinorelbine,84,0.1088786469577208,0.1395980653563747,-0.0766582870158611,1.0766582870158612,0.1172250975261044,0.104811214391147,0.1090245275401296,DRKG|PrimeKG,2,44.0,all_cells,NSCLC,2.3333333333333335,1
1083||1511,1083,Crizotinib,1511,Epirubicin,84,0.0886378512643995,0.0901181130528226,0.6623450413477258,0.3376549586522742,0.0299290100037072,0.0880188409943625,0.0878666686256439,ChEMBL|DRKG,2,44.0,all_cells,NSCLC,-5.175,0
1083||1813,1083,Crizotinib,1813,Fludarabine,62,0.1369324282495846,0.1447596084112673,0.1445502097287532,0.8554497902712468,0.1171388170274397,0.1312763848775417,0.1313426862112123,ChEMBL|DRKG,2,44.0,all_cells,NSCLC,-6.728395061728395,0
1083||2048,1083,Crizotinib,2048,Vinorelbine,84,0.0643789451462626,0.0751797965525106,0.8199363150967081,0.1800636849032919,0.0115923100932229,0.0647838552160149,0.0698288840829202,DRKG|PrimeKG,2,44.0,all_cells,NSCLC,0.012345679012345678,1
1190||2048,1190,Gemcitabine,2048,Vinorelbine,84,0.0546001938538247,0.0693860725990458,0.6114356712159564,0.3885643287840435,0.02121568767629,0.0532184256677871,0.0557531488637915,DRKG|PrimeKG,2,44.0,all_cells,NSCLC,-1.037037037037037,0
1511||2048,1511,Epirubicin,2048,Vinorelbine,84,0.061699405610382,0.0759195440176882,0.7219989523240294,0.2780010476759705,0.0171524994006708,0.0585840047459035,0.0757911271888368,DRKG|PrimeKG,2,44.0,all_cells,NSCLC,-0.4166666666666667,0
1558||2048,1558,Lapatinib,2048,Vinorelbine,84,0.0796389572140595,0.0934080656046098,0.2626307892422269,0.7373692107577732,0.0587233150265031,0.0816610368411124,0.076425169352762,DRKG|PrimeKG,2,44.0,all_cells,NSCLC,3.493827160493827,1
1808||2048,1808,Topotecan,2048,Vinorelbine,62,0.0714476572329118,0.0903030350983276,0.3068202168251396,0.6931797831748603,0.0495260715490615,0.0675105334775513,0.0743842766682904,DRKG|PrimeKG,2,44.0,all_cells,NSCLC,-4.396825396825397,0
1810||2048,1810,Mitoxantrone,2048,Vinorelbine,62,0.0682721653409944,0.0858225176129114,0.3842063634616777,0.6157936365383223,0.0420415649696765,0.0665493080681066,0.0734673236322668,DRKG|PrimeKG,2,44.0,all_cells,NSCLC,2.0317460317460316,1
1813||2048,1813,Fludarabine,2048,Vinorelbine,62,0.0939348353359937,0.1116491175220719,-0.1674718591433751,1.167471859143375,0.1096662768480394,0.1120274955905906,0.1337292254314002,DRKG|PrimeKG,2,44.0,all_cells,NSCLC,0.8641975308641975,1
1809||2048,1809,Teniposide,2048,Vinorelbine,62,0.0656329717275903,0.0767149266655003,0.6942864060542192,0.3057135939457808,0.0200648916681834,0.0710363026132223,0.0696814619849078,DRKG|PrimeKG,2,43.0,all_cells,NSCLC,-0.4861111111111111,0
1021||2048,1021,Axitinib,2048,Vinorelbine,84,0.0789785496253908,0.0783055251000562,0.7909004456972536,0.2090995543027464,0.0165143795261465,0.0659198751271768,0.0632043263148604,DRKG|PrimeKG,2,29.0,all_cells,NSCLC,-0.19753086419753085,0
1819||2048,1819,Docetaxel,2048,Vinorelbine,60,0.0419468010368975,0.0448292835815232,0.9745683195134528,0.0254316804865473,0.0010667776414031,0.0269905362563277,0.0246174358102643,DRKG|PrimeKG,2,25.0,all_cells,NSCLC,1.271604938271605,1
1021||1813,1021,Axitinib,1813,Fludarabine,62,0.150555432056562,0.1442156546561324,-0.0812001454563186,1.0812001454563187,0.1627805550387937,0.1470679089226585,0.1892146303545506,ChEMBL|DRKG,2,24.0,all_cells,NSCLC,-5.333333333333333,0
