cancer,drug_a,drug_b,mean_pcp,cross_patient_pearson_r,inv_pearson,complementarity
TCGA-DLBC,AZD7762,SN-38,0.85888,-0.44585982,1.4458598,1.24182
TCGA-LAML,Gemcitabine,Navitoclax,0.8280864,-0.4408881,1.4408882,1.1931798
TCGA-DLBC,Methotrexate,SN-38,0.7050929,-0.6396386,1.6396387,1.1560975
TCGA-LAML,Navitoclax,Pevonedistat,0.83958715,-0.36389872,1.3638988,1.1451119
TCGA-DLBC,AZD7762,Schweinfurthin A,0.71755403,-0.5924682,1.5924683,1.1426821
TCGA-LAML,ABT737,Gemcitabine,0.83590996,-0.3496541,1.3496541,1.1281893
TCGA-DLBC,Luminespib,SN-38,0.8284814,-0.35375142,1.3537514,1.1215578
TCGA-DLBC,Dasatinib,Irinotecan,0.8814269,-0.27161127,1.2716112,1.1208323
TCGA-LAML,Navitoclax,Teniposide,0.84969395,-0.31530136,1.3153014,1.1176037
TCGA-DLBC,Bleomycin (50 uM),Daporinad,0.8605034,-0.29271287,1.2927129,1.1123838
TCGA-LAML,Navitoclax,Refametinib,0.8284459,-0.33757135,1.3375714,1.1081055
TCGA-LAML,5-Fluorouracil,Navitoclax,0.7418947,-0.48705402,1.487054,1.1032375
TCGA-LAML,ABT737,Pevonedistat,0.8474004,-0.2949608,1.2949607,1.0973502
TCGA-LAML,ABT737,Teniposide,0.85755515,-0.2699415,1.2699416,1.0890449
TCGA-DLBC,Camptothecin,Dasatinib,0.87693316,-0.23747812,1.2374781,1.0851856
TCGA-LAML,Navitoclax,Vinblastine,0.8042411,-0.3466874,1.3466874,1.0830615
TCGA-LAML,Navitoclax,Trametinib,0.8348852,-0.29508346,1.2950835,1.081246
TCGA-LAML,BI-2536,Navitoclax,0.89030737,-0.21155843,1.2115585,1.0786594
TCGA-LAML,Mitoxantrone,Navitoclax,0.8331227,-0.29179335,1.2917933,1.0762223
TCGA-LAML,Navitoclax,SCH772984,0.780948,-0.3743531,1.3743532,1.0732983
TCGA-LAML,Docetaxel,Navitoclax,0.8500328,-0.25676537,1.2567654,1.0682918
TCGA-DLBC,Daporinad,Serdemetan,0.7873357,-0.35367993,1.3536799,1.0658005
TCGA-DLBC,AZD7762,Paclitaxel,0.74269503,-0.4336002,1.4336002,1.0647278
TCGA-DLBC,Daporinad,Luminespib,0.8576355,-0.23911168,1.2391117,1.0627061
TCGA-DLBC,Pictilisib,Talazoparib,0.8182346,-0.29809257,1.2980926,1.0621443
TCGA-DLBC,Dasatinib,Mitoxantrone,0.8751407,-0.21010934,1.2101094,1.059016
TCGA-LAML,Navitoclax,PD0325901,0.81665045,-0.29570967,1.2957096,1.0581418
TCGA-DLBC,Topotecan,UNC0638,0.8163161,-0.29513308,1.2951331,1.0572381
TCGA-LAML,ABT737,Refametinib,0.8363924,-0.25849593,1.2584959,1.0525964
TCGA-LAML,ABT737,BI-2536,0.8985059,-0.17123792,1.171238,1.0523642
TCGA-DLBC,Bleomycin (50 uM),SN-38,0.83154994,-0.2607827,1.2607827,1.0484037
TCGA-DLBC,AZD8186,Irinotecan,0.77911705,-0.33926007,1.3392601,1.0434403
TCGA-LAML,5-Fluorouracil,ABT737,0.74908644,-0.39265418,1.3926542,1.0432184
TCGA-DLBC,SN-38,WZ4003,0.64797544,-0.6073552,1.6073551,1.0415267
TCGA-DLBC,Bleomycin (50 uM),Fludarabine,0.74018735,-0.40660784,1.4066079,1.0411533
TCGA-DLBC,Schweinfurthin A,Temsirolimus,0.7165405,-0.45193735,1.4519373,1.0403719
TCGA-DLBC,Bleomycin (50 uM),Schweinfurthin A,0.69426155,-0.4974433,1.4974433,1.0396173
TCGA-LAML,BEN,Navitoclax,0.7490421,-0.38748157,1.3874816,1.0392821
TCGA-DLBC,Daporinad,SB505124,0.7671297,-0.3509288,1.3509288,1.0363376
TCGA-LAML,ABT737,Vinblastine,0.81180984,-0.27440718,1.2744071,1.0345763
TCGA-THYM,BI-2536,PFI3,0.5227103,-0.5883716,1.5883715,0.8302582
TCGA-THYM,Mitoxantrone,PFI3,0.5095204,-0.6018253,1.6018252,0.81616265
TCGA-TGCT,Olaparib,Sabutoclax,0.56836796,-0.41234267,1.4123427,0.8027303
TCGA-THYM,PFI3,Teniposide,0.5252053,-0.52180934,1.5218093,0.79926234
TCGA-THYM,PFI3,Pevonedistat,0.4547638,-0.7507207,1.7507207,0.7961644
TCGA-TGCT,Dactinomycin,Olaparib,0.6060098,-0.3025443,1.3025444,0.7893546
TCGA-UVM,Cisplatin,Paclitaxel,0.6028815,-0.3051656,1.3051655,0.78686017
TCGA-THYM,PFI3,Talazoparib,0.51195484,-0.5261479,1.5261478,0.7813188
TCGA-THYM,Docetaxel,PFI3,0.5166525,-0.5090448,1.5090449,0.7796518
TCGA-THYM,PFI3,Topotecan,0.5146277,-0.51451725,1.5145173,0.77941257
TCGA-THYM,Cytarabine,PFI3,0.5091426,-0.522036,1.5220361,0.7749334
TCGA-TGCT,Bleomycin,Dactolisib,0.6057698,-0.2757042,1.2757041,0.77278304
TCGA-TGCT,Bleomycin,Temsirolimus,0.49050406,-0.572171,1.572171,0.77115625
TCGA-TGCT,Olaparib,Telomerase Inhibitor IX,0.58037263,-0.32359567,1.3235956,0.7681787
TCGA-MESO,GSK1904529A,Luminespib,0.5001887,-0.53347147,1.5334715,0.7670251
TCGA-TGCT,Bleomycin (50 uM),GSK2276186C,0.46400732,-0.6488341,1.6488341,0.7650711
TCGA-TGCT,Bleomycin (50 uM),GSK2256098C,0.46400732,-0.6488341,1.6488341,0.7650711
TCGA-TGCT,Bleomycin (50 uM),LMB_AB1,0.46400732,-0.6488341,1.6488341,0.7650711
TCGA-TGCT,Bleomycin (50 uM),CT7033-2,0.46400732,-0.6488341,1.6488341,0.7650711
TCGA-TGCT,Bleomycin (50 uM),GSK626616AC,0.46400732,-0.6488341,1.6488341,0.7650711
TCGA-TGCT,Bleomycin (50 uM),N29087-69-1,0.46400732,-0.6488341,1.6488341,0.7650711
TCGA-TGCT,Bleomycin (50 uM),N27922-53-1,0.46400732,-0.6488341,1.6488341,0.7650711
TCGA-TGCT,720427,Bleomycin (50 uM),0.46400732,-0.6488341,1.6488341,0.7650711
TCGA-TGCT,743380,Bleomycin (50 uM),0.46400732,-0.6488341,1.6488341,0.7650711
TCGA-TGCT,150412,Bleomycin (50 uM),0.46400732,-0.6488341,1.6488341,0.7650711
TCGA-TGCT,615590,Bleomycin (50 uM),0.46400732,-0.6488341,1.6488341,0.7650711
TCGA-TGCT,630600,Bleomycin (50 uM),0.46400732,-0.6488341,1.6488341,0.7650711
TCGA-TGCT,765771,Bleomycin (50 uM),0.46400732,-0.6488341,1.6488341,0.7650711
TCGA-TGCT,BDF00022089a,Bleomycin (50 uM),0.46400732,-0.6488341,1.6488341,0.7650711
TCGA-TGCT,Bleomycin (50 uM),LMB_AB3,0.46400732,-0.6488341,1.6488341,0.7650711
TCGA-THYM,PFI3,Vinorelbine,0.46016365,-0.6612372,1.6612372,0.764441
TCGA-THYM,AZD7762,XAV939,0.50620943,-0.50852805,1.508528,0.7636311
TCGA-THYM,Cisplatin,PFI3,0.5034835,-0.51636386,1.5163639,0.76346415
TCGA-THYM,Lestaurtinib,PFI3,0.49168402,-0.54947466,1.5494747,0.76185197
TCGA-THYM,Irinotecan,PFI3,0.54851204,-0.38114822,1.3811482,0.7575764
TCGA-THYM,PFI3,SB505124,0.49244344,-0.53752655,1.5375266,0.75714487
TCGA-THYM,PFI3,Wee1 Inhibitor,0.49886915,-0.5162994,1.5162995,0.75643504
TCGA-THYM,BI-2536,GDC0810,0.4797742,-0.5765444,1.5765444,0.7563853
TCGA-UVM,Cisplatin,Nilotinib,0.4954732,-0.5235302,1.5235302,0.7548684
TCGA-THYM,AZD7762,Veliparib,0.46200585,-0.63322246,1.6332225,0.7545583
TCGA-THYM,BI-2536,Veliparib,0.47660106,-0.5807161,1.5807161,0.753371
TCGA-KIRC,N-acetyl cysteine,SB505124,0.46345747,-0.6236991,1.6236992,0.7525155
TCGA-THYM,BI-2536,Bicalutamide,0.51148385,-0.4707353,1.4707353,0.75225735
TCGA-THYM,5-Fluorouracil,PFI3,0.48456997,-0.5520474,1.5520474,0.75207555
TCGA-LGG,Daporinad,Tretinoin,0.49824575,-0.5050302,1.5050302,0.7498749
TCGA-UVM,SN-38,alpha-lipoic acid,0.52232015,-0.43438697,1.434387,0.7492092
TCGA-PCPG,BEN,Cediranib,0.4890841,-0.5182268,1.5182269,0.7425406
TCGA-UVM,Lenalidomide,SN-38,0.4728125,-0.56341565,1.5634156,0.73920244
TCGA-UVM,Epirubicin,alpha-lipoic acid,0.46697974,-0.5826747,1.5826747,0.73907703
TCGA-LGG,Daporinad,glutathione,0.485188,-0.516836,1.5168359,0.7359506
TCGA-MESO,Luminespib,PFI3,0.4909453,-0.49801946,1.4980195,0.7354456
TCGA-THCA,Doramapimod,SB505124,0.4669674,-0.557091,1.557091,0.72711074
TCGA-LGG,Daporinad,Veliparib,0.5189468,-0.39951333,1.3995134,0.726273
TCGA-MESO,Luminespib,XAV939,0.47341853,-0.53388304,1.5338831,0.7261687
TCGA-HNSC,Acetalax,Luminespib,0.50449204,-0.43871915,1.4387192,0.7258224
TCGA-LGG,Daporinad,XAV939,0.48867118,-0.47767884,1.4776788,0.72209907
TCGA-THCA,AZD3759,SB505124,0.4839832,-0.4785953,1.4785953,0.7156153
TCGA-SKCM,PD0325901,Sepantronium bromide,0.61461776,-0.16420794,1.1642079,0.71554285
TCGA-UVM,Paclitaxel,SGC-CBP30,0.4925651,-0.45241117,1.4524112,0.7154071
TCGA-SKCM,Sepantronium bromide,Trametinib,0.61383545,-0.16342594,1.1634259,0.7141521
TCGA-UVM,Paclitaxel,RVX-208,0.56958234,-0.25174728,1.2517473,0.7129731
TCGA-MESO,IWP-2,Luminespib,0.45584804,-0.559238,1.559238,0.71077555
TCGA-MESO,Luminespib,Veliparib,0.4510395,-0.5675804,1.5675805,0.70704067
TCGA-UVM,GSK-LSD1,Paclitaxel,0.46894026,-0.50463694,1.504637,0.7055849
TCGA-PCPG,Veliparib,Vorinostat,0.44670036,-0.5789906,1.5789906,0.7053357
TCGA-MESO,Luminespib,Picolinici-acid,0.46131593,-0.52862114,1.5286212,0.7051773
TCGA-PRAD,AZD5991,Olaparib,0.43468878,-0.6128213,1.6128213,0.7010753
TCGA-LGG,SB505124,Schweinfurthin A,0.4535962,-0.5445211,1.5445211,0.7005889
TCGA-PCPG,Ribociclib,Vorinostat,0.47371528,-0.47791034,1.4779103,0.70010865
TCGA-ACC,Axitinib,SB505124,0.5836063,-0.19900832,1.1990083,0.6997488
TCGA-THCA,PFI3,SN-38,0.4642319,-0.5050576,1.5050576,0.6986958
TCGA-THCA,IOX2,Irinotecan,0.5295525,-0.31697568,1.3169757,0.6974078
TCGA-LGG,Daporinad,IWP-2,0.48247474,-0.4440009,1.444001,0.696694
TCGA-PRAD,AZD5991,Niraparib,0.44168663,-0.57577074,1.5757707,0.6959969
TCGA-THCA,Picolinici-acid,SN-38,0.42825338,-0.6242141,1.6242142,0.69557524
TCGA-UVM,AZD1208,Cisplatin,0.4663443,-0.48921672,1.4892167,0.6944877
TCGA-GBM,N-acetyl cysteine,SB505124,0.43480417,-0.59633166,1.5963316,0.6940916
TCGA-UVM,Cisplatin,Doramapimod,0.50964904,-0.36173528,1.3617353,0.6940071
TCGA-READ,BMS-754807,Bicalutamide,0.43025702,-0.61113715,1.6111372,0.6932031
TCGA-UVM,AZD5582,Temozolomide,0.5525094,-0.25244159,1.2524416,0.6919858
TCGA-KIRC,Doramapimod,SB505124,0.43491772,-0.5896216,1.5896215,0.6913546
TCGA-HNSC,Acetalax,VE821,0.45762402,-0.50498694,1.504987,0.6887182
TCGA-LGG,Daporinad,PRIMA-1MET,0.47763407,-0.44159415,1.4415941,0.68855447
TCGA-HNSC,Tanespimycin,XAV939,0.47539842,-0.4475543,1.4475543,0.68816507
TCGA-SKCM,Refametinib,Sepantronium bromide,0.6027743,-0.14151967,1.1415197,0.68807876
TCGA-BLCA,Acetalax,Irinotecan,0.4548433,-0.5104406,1.5104406,0.6870138
TCGA-PRAD,Acetalax,Niraparib,0.4001554,-0.71479005,1.7147901,0.6861825
TCGA-THCA,SN-38,Veliparib,0.45233986,-0.5145824,1.5145824,0.685106
TCGA-UVM,PD0325901,Sepantronium bromide,0.52840275,-0.29651648,1.2965164,0.68508285
TCGA-UVM,GSK-LSD1-2HCl ,Paclitaxel,0.45901078,-0.4919355,1.4919355,0.68481445
TCGA-THCA,GDC0810,SN-38,0.4235199,-0.6169446,1.6169446,0.6848082
TCGA-LGG,Daporinad,Ribociclib,0.47088385,-0.450469,1.450469,0.6830024
TCGA-HNSC,5-Fluorouracil,Acetalax,0.46493036,-0.46879685,1.4687968,0.68288827
TCGA-MESO,AZ960,GSK1904529A,0.43681234,-0.5632813,1.5632813,0.68286055
TCGA-THCA,Cyclophosphamide,SN-38,0.48502463,-0.40786514,1.4078652,0.6828493
TCGA-GBM,Daporinad,Veliparib,0.4793101,-0.4235477,1.4235477,0.68232083
TCGA-CHOL,BEN,Ribociclib,0.48279282,-0.41043338,1.4104334,0.6809471
TCGA-THCA,Epirubicin,PFI3,0.42592055,-0.59789354,1.5978935,0.68057567
TCGA-THCA,SGC0946,SN-38,0.45034513,-0.51028055,1.5102806,0.6801475
TCGA-THCA,CCT007093,SB505124,0.46508032,-0.4608054,1.4608054,0.67939186
TCGA-MESO,Obatoclax Mesylate,SGC0946,0.45059076,-0.5071845,1.5071845,0.6791234
TCGA-PCPG,Axitinib,Gallibiscoquinazole,0.453625,-0.49598637,1.4959863,0.6786168
TCGA-UVM,Epirubicin,GSK-LSD1,0.42726237,-0.58733135,1.5873313,0.6782069
TCGA-UVM,POMHEX,SN-38,0.69656456,0.02640358,0.9735964,0.67817277
TCGA-ESCA,BI-2536,GSK1904529A,0.4253666,-0.59425634,1.5942564,0.67814344
TCGA-THCA,IOX2,Topotecan,0.4989942,-0.35882366,1.3588237,0.67804515
TCGA-THCA,Cyclophosphamide,Epirubicin,0.4446123,-0.52401704,1.5240171,0.67759675
TCGA-THCA,Epirubicin,Veliparib,0.4148343,-0.6322424,1.6322424,0.67711014
TCGA-LGG,Cisplatin,Tretinoin,0.47376648,-0.42859054,1.4285905,0.6768183
TCGA-LGG,SB505124,glutathione,0.45725155,-0.47996315,1.4799632,0.67671543
TCGA-MESO,L-Oxonoreleagnine,Luminespib,0.3985789,-0.69755846,1.6975584,0.676611
TCGA-THCA,Camptothecin,IOX2,0.5178782,-0.30634946,1.3063495,0.6765299
TCGA-UVM,Paclitaxel,XAV939,0.48815536,-0.3843842,1.3843842,0.67579454
TCGA-THCA,Epirubicin,SGC0946,0.4129688,-0.63357586,1.6335759,0.6746159
TCGA-MESO,Obatoclax Mesylate,PFI3,0.48629436,-0.38643274,1.3864328,0.6742144
TCGA-PCPG,Daporinad,Vismodegib,0.46515623,-0.44889796,1.448898,0.6739639
TCGA-HNSC,Leflunomide,Tanespimycin,0.4515598,-0.49213165,1.4921317,0.6737867
TCGA-GBM,Cisplatin,GDC0810,0.42758536,-0.5749316,1.5749316,0.6734177
TCGA-MESO,GSK1904529A,Obatoclax Mesylate,0.4952002,-0.35920778,1.3592077,0.6730799
TCGA-THCA,Epirubicin,Picolinici-acid,0.39329016,-0.7108986,1.7108986,0.6728796
TCGA-CHOL,BI-2536,SGC0946,0.4003994,-0.6802499,1.6802499,0.67277104
TCGA-MESO,GSK1904529A,Telomerase Inhibitor IX,0.41222903,-0.6313108,1.6313108,0.67247367
TCGA-LIHC,Dihydrorotenone,VE-822,0.41136312,-0.63459057,1.6345906,0.6724103
TCGA-UVM,POMHEX,Temozolomide,0.5950107,-0.13003242,1.1300324,0.6723814
TCGA-ACC,Foretinib,SB505124,0.54618007,-0.22961937,1.2296194,0.6715936
TCGA-UVM,Cisplatin,POMHEX,0.46913084,-0.43132782,1.4313278,0.67148
TCGA-THCA,IOX2,Talazoparib,0.52412415,-0.28072366,1.2807237,0.6712582
TCGA-UVM,GSK-LSD1,SN-38,0.47808424,-0.4038117,1.4038117,0.67114025
TCGA-LGG,Mycophenolic acid,SB505124,0.470774,-0.424624,1.424624,0.67067593
TCGA-UVM,Lenalidomide,Paclitaxel,0.46411395,-0.44505244,1.4450524,0.67066896
TCGA-HNSC,Acetalax,CCT-018159,0.4634929,-0.44562814,1.4456282,0.6700384
TCGA-SKCM,Epirubicin,SB590885,0.52739733,-0.26982182,1.2698219,0.6697007
TCGA-MESO,Bicalutamide,Obatoclax Mesylate,0.45136198,-0.48366642,1.4836664,0.66967064
TCGA-MESO,Obatoclax Mesylate,Veliparib,0.44641766,-0.49859557,1.4985956,0.66899955
TCGA-CHOL,BEN,Bicalutamide,0.45580813,-0.4674053,1.4674053,0.66885525
TCGA-LGG,AZD6482,Daporinad,0.44512248,-0.5023963,1.5023963,0.6687504
TCGA-PCPG,Vismodegib,Vorinostat,0.4755305,-0.4053663,1.4053663,0.66829455
TCGA-LGG,Daporinad,KU-55933,0.45766962,-0.4599565,1.4599565,0.6681777
TCGA-HNSC,Acetalax,Crizotinib,0.45734182,-0.4605293,1.4605293,0.6679611
TCGA-KICH,N-acetyl cysteine,SB505124,0.44306988,-0.5074887,1.5074887,0.66792285
TCGA-BLCA,Acetalax,Camptothecin,0.4290666,-0.55655456,1.5565546,0.6678656
TCGA-LGG,CZC24832,Daporinad,0.49303737,-0.35405454,1.3540546,0.6675995
TCGA-COAD,Bicalutamide,Trametinib,0.5072337,-0.31605646,1.3160565,0.6675482
TCGA-THCA,Cytarabine,IOX2,0.46037462,-0.44935513,1.4493551,0.66724634
TCGA-THCA,GW441756,SN-38,0.3822322,-0.7445199,1.74452,0.6668117
TCGA-PRAD,Acetalax,Olaparib,0.395206,-0.6872348,1.6872349,0.6668053
TCGA-MESO,Luminespib,Vismodegib,0.41893408,-0.5905847,1.5905848,0.6663502
TCGA-MESO,Luminespib,SGC0946,0.45740277,-0.45631084,1.4563109,0.66612065
TCGA-SKCM,SB590885,SN-38,0.531583,-0.25280935,1.2528093,0.6659721
TCGA-LGG,Cisplatin,IOX2,0.53881264,-0.23347016,1.2334702,0.6646093
TCGA-MESO,Cyclophosphamide,Luminespib,0.420673,-0.5790247,1.5790247,0.66425306
TCGA-SKCM,Selumetinib,Sepantronium bromide,0.5631421,-0.179135,1.179135,0.66402054
TCGA-LGG,Cediranib,Daporinad,0.4457856,-0.48695883,1.4869589,0.66286486
TCGA-LGG,Cisplatin,KU-55933,0.4346701,-0.52434725,1.5243473,0.6625882
TCGA-UCEC,SB505124,SN-38,0.4764104,-0.3892443,1.3892443,0.66185045
TCGA-GBM,Daporinad,SGC0946,0.41792467,-0.5829106,1.5829105,0.66153735
TCGA-PCPG,BMS-754807,Vismodegib,0.5672606,-0.16601726,1.1660173,0.6614357
TCGA-MESO,CCT007093,Luminespib,0.37121108,-0.7803465,1.7803465,0.6608844
TCGA-LGG,Mycophenolic acid,Zoledronate,0.4817163,-0.37160313,1.3716031,0.66072357
TCGA-BLCA,Acetalax,Cisplatin,0.38871697,-0.69954544,1.6995454,0.66064215
TCGA-MESO,Obatoclax Mesylate,Picolinici-acid,0.45696536,-0.4440034,1.4440033,0.6598595
TCGA-KIRC,GW441756,Mycophenolic acid,0.42371282,-0.55648214,1.5564821,0.65950143
TCGA-LGG,N-acetyl cysteine,SB505124,0.44825813,-0.47036007,1.47036,0.65910083
TCGA-READ,Bicalutamide,Trametinib,0.49866053,-0.32137945,1.3213794,0.65891975
TCGA-LGG,Avagacestat,Daporinad,0.49346265,-0.3346757,1.3346757,0.6586126
TCGA-HNSC,Acetalax,Cisplatin,0.40726036,-0.61697865,1.6169786,0.6585313
TCGA-CHOL,Mitoxantrone,Picolinici-acid,0.39628878,-0.6596261,1.6596261,0.65769124
TCGA-ESCA,BI-2536,PFI3,0.38805893,-0.69469553,1.6946955,0.6576417
TCGA-PCPG,Cediranib,Daporinad,0.46692002,-0.40716052,1.4071605,0.6570314
TCGA-PCPG,Daporinad,Veliparib,0.4363246,-0.5036687,1.5036688,0.6560877
TCGA-LUAD,N-acetyl cysteine,SB505124,0.4429488,-0.48073038,1.4807304,0.6558877
TCGA-GBM,Leflunomide,Venetoclax,0.4431948,-0.47943005,1.4794301,0.6556757
TCGA-MESO,AZ960,PFI3,0.4288124,-0.5283265,1.5283265,0.6553654
TCGA-ESCA,BI-2536,Picolinici-acid,0.39311376,-0.6628764,1.6628764,0.6536996
TCGA-LIHC,BI-2536,Bicalutamide,0.425474,-0.53428566,1.5342857,0.65279865
TCGA-PRAD,GDC0810,SN-38,0.41025743,-0.5911386,1.5911386,0.6527764
TCGA-COAD,BMS-754807,Bicalutamide,0.42399058,-0.5357815,1.5357815,0.6511569
TCGA-PCPG,BEN,Tamoxifen,0.39317155,-0.653941,1.6539409,0.6502825
TCGA-PCPG,BEN,GDC0810,0.43748626,-0.48596886,1.4859688,0.65009093
TCGA-PAAD,Dasatinib,Linsitinib,0.43128508,-0.50506353,1.5050635,0.64911145
TCGA-PRAD,Camptothecin,I-BRD9,0.457216,-0.4187024,1.4187024,0.6486534
TCGA-CHOL,Mitoxantrone,PFI3,0.41175556,-0.5727031,1.5727031,0.64756924
TCGA-PAAD,N-acetyl cysteine,SB505124,0.48586074,-0.33247054,1.3324705,0.64739513
TCGA-ACC,Axitinib,Methotrexate,0.50274706,-0.2871691,1.2871691,0.6471205
TCGA-HNSC,Docetaxel,LY2109761,0.4279668,-0.51146674,1.5114667,0.6468576
TCGA-KICH,Doramapimod,SB505124,0.38590467,-0.67489237,1.6748924,0.64634883
TCGA-GBM,SB505124,glutathione,0.41140673,-0.5707266,1.5707266,0.6462075
TCGA-KICH,IOX2,SB505124,0.45819137,-0.4099845,1.4099845,0.6460427
TCGA-SKCM,ERK_2440,Sepantronium bromide,0.56007355,-0.15225135,1.1522514,0.6453455
TCGA-SKCM,SB505124,SN-38,0.47197655,-0.36610836,1.3661084,0.64477116
TCGA-PRAD,CCT007093,Irinotecan,0.45508176,-0.41574368,1.4157437,0.6442791
TCGA-ESCA,Bicalutamide,MK-1775,0.36996356,-0.7412038,1.7412038,0.64418197
TCGA-KIRC,N-acetyl cysteine,Tamoxifen,0.4329623,-0.48774073,1.4877408,0.64413565
TCGA-CHOL,BI-2536,GDC0810,0.3908226,-0.6478121,1.6478121,0.6440022
TCGA-SKCM,MG-132,SN-38,0.43211564,-0.49021456,1.4902146,0.64394504
TCGA-PCPG,Cediranib,Vorinostat,0.47868094,-0.34500232,1.3450023,0.64382696
TCGA-ESCA,GSK1904529A,Tanespimycin,0.41736773,-0.54257965,1.5425797,0.64382297
TCGA-SKCM,TW 37,Trametinib,0.5443847,-0.18135206,1.181352,0.64311
TCGA-PRAD,IOX2,Topotecan,0.46034405,-0.396827,1.396827,0.643021
TCGA-ESCA,BI-2536,SGC0946,0.38206768,-0.6829408,1.6829407,0.64299726
TCGA-READ,GDC0810,Trametinib,0.44375563,-0.44893655,1.4489366,0.6429738
TCGA-CHOL,BI-2536,PFI3,0.42257357,-0.52009165,1.5200917,0.64235055
TCGA-KIRC,PRIMA-1MET,Venetoclax,0.425356,-0.5082728,1.5082729,0.6415529
TCGA-BLCA,Acetalax,Luminespib,0.40191796,-0.5959581,1.5959581,0.6414442
TCGA-PRAD,AZD5991,Camptothecin,0.43996662,-0.45766205,1.4576621,0.6413227
TCGA-KIRC,SB505124,glutathione,0.462851,-0.3832913,1.3832912,0.6402577
TCGA-CHOL,IWP-2,Mitoxantrone,0.39807656,-0.6076745,1.6076745,0.6399775
TCGA-CHOL,Mitoxantrone,SGC0946,0.39182347,-0.63299274,1.6329927,0.6398449
TCGA-PRAD,PFI3,SN-38,0.43328625,-0.47667676,1.4766767,0.63982373
TCGA-SKCM,Trametinib,Vinblastine,0.5652312,-0.13183919,1.1318392,0.63975084
TCGA-PCPG,BEN,Vismodegib,0.48925707,-0.30650753,1.3065076,0.6392181
TCGA-SKCM,Trametinib,ZM447439,0.5351233,-0.19410664,1.1941066,0.6389942
TCGA-SKCM,PD0325901,TW 37,0.54532045,-0.17130436,1.1713043,0.6387362
TCGA-ESCA,BI-2536,CZC24832,0.37428612,-0.7064924,1.7064924,0.6387164
TCGA-HNSC,Bicalutamide,Tanespimycin,0.4249872,-0.50201845,1.5020185,0.6383386
TCGA-KIRP,Doramapimod,SB505124,0.4573085,-0.3957434,1.3957434,0.6382853
TCGA-BLCA,Acetalax,Niraparib,0.39390323,-0.620062,1.620062,0.63814765
TCGA-KIRC,L-Oxonoreleagnine,PRIMA-1MET,0.41201007,-0.54848427,1.5484843,0.63799113
TCGA-SKCM,PD0325901,Vinblastine,0.566085,-0.12654398,1.126544,0.63771963
TCGA-OV,SB505124,SN-38,0.4648805,-0.37136975,1.3713697,0.63752306
TCGA-LUAD,Doramapimod,SB505124,0.41418666,-0.53785145,1.5378515,0.6369575
TCGA-SKCM,SCH772984,Sepantronium bromide,0.5880816,-0.08299307,1.082993,0.63688827
TCGA-READ,GSK2578215A,Trametinib,0.39900708,-0.59590775,1.5959077,0.6367785
TCGA-PCPG,Linsitinib,Vorinostat,0.543876,-0.17072575,1.1707257,0.6367296
TCGA-ESCA,BI-2536,Savolitinib,0.39463472,-0.6133928,1.6133928,0.6367008
TCGA-PCPG,L-Oxonoreleagnine,Vorinostat,0.38338238,-0.6606422,1.6606421,0.63666093
TCGA-READ,Cyclophosphamide,Trametinib,0.42000577,-0.51278985,1.5127898,0.63538045
TCGA-ESCA,GSK1904529A,Vinorelbine,0.390837,-0.6256692,1.6256692,0.6353717
TCGA-SKCM,PD0325901,ZM447439,0.53599614,-0.18520212,1.1852021,0.63526374
TCGA-PCPG,BMS-754807,Gallibiscoquinazole,0.54117477,-0.17232545,1.1723255,0.634433
TCGA-ACC,N-acetyl cysteine,SB505124,0.39723563,-0.59687304,1.596873,0.63433486
TCGA-ACC,PD173074,SB505124,0.49316043,-0.28592148,1.2859215,0.6341656
TCGA-PCPG,MIRA-1,SB505124,0.49270394,-0.2867451,1.2867451,0.6339844
TCGA-PCPG,MIRA-1,Vorinostat,0.4423532,-0.43294117,1.4329412,0.63386613
TCGA-PRAD,IOX2,Teniposide,0.41352984,-0.53236085,1.5323608,0.63367695
TCGA-PRAD,I-BRD9,Olaparib,0.45342734,-0.39745885,1.3974588,0.633646
TCGA-PAAD,Olaparib,Trametinib,0.44622603,-0.41977438,1.4197744,0.6335403
TCGA-PCPG,AZD1208,Axitinib,0.5094989,-0.24326733,1.2432673,0.6334433
TCGA-CHOL,BI-2536,Bicalutamide,0.39395276,-0.6076783,1.6076783,0.6333493
TCGA-KIRC,N-acetyl cysteine,UNC0638,0.3899624,-0.6228485,1.6228485,0.63284993
TCGA-ACC,BI-2536,GW441756,0.40179428,-0.5738651,1.5738652,0.63237005
TCGA-OV,GDC0810,SN-38,0.38999778,-0.6199915,1.6199915,0.6317931
TCGA-PCPG,Linsitinib,SB505124,0.6054715,-0.04330476,1.0433048,0.63169134
TCGA-ESCA,BI-2536,Bicalutamide,0.38006368,-0.6617823,1.6617823,0.6315831
TCGA-PRAD,GDC0810,Irinotecan,0.4245464,-0.48696372,1.4869637,0.6312851
TCGA-COAD,Bicalutamide,VX-11e,0.46604735,-0.35199925,1.3519993,0.63009566
TCGA-PAAD,Dasatinib,NVP-ADW742,0.40992174,-0.535277,1.535277,0.6293434
TCGA-PRAD,Epirubicin,PFI3,0.38222474,-0.6460791,1.6460791,0.62917215
TCGA-KICH,SB505124,glutathione,0.4239862,-0.4837221,1.4837221,0.6290777
TCGA-HNSC,AZD6738,Acetalax,0.46061853,-0.3654492,1.3654492,0.6289512
TCGA-PRAD,I-BRD9,N-acetyl cysteine,0.44981015,-0.39814717,1.3981471,0.62890077
TCGA-GBM,CZC24832,Daporinad,0.43942714,-0.43110728,1.4311073,0.6288674
TCGA-GBM,SB505124,Schweinfurthin A,0.4419484,-0.4225057,1.4225057,0.62867415
TCGA-GBM,Daporinad,SB216763,0.43376482,-0.44796193,1.4479619,0.62807494
TCGA-KIRC,Leflunomide,N-acetyl cysteine,0.46170205,-0.35976714,1.3597672,0.6278073
TCGA-ACC,Crizotinib,SB505124,0.4939637,-0.27091733,1.2709173,0.627787
TCGA-PRAD,IOX2,Irinotecan,0.44887093,-0.39572337,1.3957233,0.62649965
TCGA-GBM,Venetoclax,glutathione,0.42199117,-0.48409414,1.4840941,0.62627465
TCGA-ESCA,BMS-754807,GSK1904529A,0.3986515,-0.570593,1.570593,0.62611926
TCGA-PRAD,GDC0810,Topotecan,0.43567762,-0.43638813,1.4363881,0.62580216
TCGA-GBM,AT13148,Venetoclax,0.39332086,-0.59073883,1.5907388,0.62567073
TCGA-PRAD,PFI3,Teniposide,0.4132177,-0.51327604,1.5132761,0.62531245
TCGA-PRAD,Cyclophosphamide,SN-38,0.43108013,-0.45045465,1.4504547,0.6252622
TCGA-BLCA,Acetalax,Olaparib,0.3795094,-0.64734215,1.6473422,0.62518185
TCGA-BLCA,Acetalax,Bleomycin (50 uM),0.42762014,-0.46035114,1.4603511,0.62447554
TCGA-ESCA,Bicalutamide,Tanespimycin,0.3705518,-0.6849315,1.6849315,0.6243544
TCGA-SKCM,SN-38,Telomerase Inhibitor IX,0.48553485,-0.28574562,1.2857456,0.6242743
TCGA-KIRP,N-acetyl cysteine,SB505124,0.49036106,-0.2722715,1.2722715,0.6238724
TCGA-HNSC,KU-55933,Tanespimycin,0.4065226,-0.5346123,1.5346123,0.6238546
TCGA-CHOL,BI-2536,Cyclophosphamide,0.41067535,-0.5180184,1.5180185,0.6234128
TCGA-KIRC,AZD1332,SB505124,0.48256725,-0.2917295,1.2917295,0.6233463
TCGA-ESCA,GSK1904529A,MK-1775,0.41759422,-0.49265903,1.4926591,0.6233258
TCGA-ESCA,Bicalutamide,Docetaxel,0.3609018,-0.725949,1.725949,0.6228981
TCGA-CHOL,AZD1208,BI-2536,0.39162207,-0.59049076,1.5904908,0.6228713
TCGA-OV,Dihydrorotenone,I-BET-762,0.45795637,-0.35986665,1.3598666,0.6227596
TCGA-GBM,PRIMA-1MET,Venetoclax,0.36663574,-0.69826674,1.6982667,0.62264526
TCGA-GBM,CZC24832,Cisplatin,0.42867014,-0.45200315,1.4520031,0.6224304
TCGA-KIRC,L-Oxonoreleagnine,TW 37,0.38224262,-0.62799865,1.6279986,0.62229043
TCGA-COAD,GDC0810,Trametinib,0.4488583,-0.38609588,1.3860959,0.6221606
TCGA-READ,IWP-2,Trametinib,0.4314858,-0.44189936,1.4418993,0.62215906
TCGA-HNSC,AZD5991,Tanespimycin,0.4638144,-0.3413823,1.3413823,0.62215245
TCGA-READ,BI-2536,Bicalutamide,0.37441853,-0.6596824,1.6596824,0.62141585
TCGA-HNSC,Acetalax,Cytarabine,0.36762083,-0.6895355,1.6895355,0.6211084
TCGA-PRAD,AZD5991,N-acetyl cysteine,0.43326914,-0.4334847,1.4334847,0.6210847
TCGA-HNSC,Dihydrorotenone,Luminespib,0.3953646,-0.57087475,1.5708747,0.62106824
TCGA-ESCA,Docetaxel,GSK1904529A,0.40978372,-0.515545,1.515545,0.62104565
TCGA-PAAD,SB505124,Trametinib,0.47097424,-0.3183837,1.3183837,0.6209248
TCGA-ESCA,Docetaxel,Picolinici-acid,0.37643102,-0.64731574,1.6473157,0.62010074
TCGA-CHOL,AZD1208,Mitoxantrone,0.3817212,-0.62442666,1.6244266,0.6200781
TCGA-CHOL,BEN,Palbociclib,0.45357397,-0.36677697,1.366777,0.61993444
TCGA-READ,BMS-754807,SGC0946,0.39946175,-0.551811,1.551811,0.61988914
TCGA-READ,IOX2,Trametinib,0.4242878,-0.46091557,1.4609156,0.61984867
TCGA-BLCA,Acetalax,Teniposide,0.42621207,-0.45395425,1.4539542,0.61969286
TCGA-KICH,JNK Inhibitor VIII,SB505124,0.4065408,-0.5242158,1.5242158,0.6196559
TCGA-ESCA,Docetaxel,PFI3,0.36974546,-0.67487675,1.6748767,0.6192781
TCGA-GBM,Cisplatin,Veliparib,0.46784857,-0.32340232,1.3234023,0.6191519
TCGA-GBM,Daporinad,Tretinoin,0.44752654,-0.38339075,1.3833908,0.6191041
TCGA-KIRC,JNK Inhibitor VIII,SB505124,0.44989514,-0.37588426,1.3758843,0.61900365
TCGA-ESCA,GSK1904529A,ZM447439,0.37859783,-0.63479996,1.6348,0.6189317
TCGA-CHOL,BEN,SGC0946,0.4677396,-0.32270795,1.3227079,0.61868286
TCGA-CHOL,BEN,PFI3,0.4927554,-0.25514194,1.255142,0.618478
TCGA-GBM,AZD6482,SB505124,0.39097595,-0.58165044,1.5816505,0.6183873
TCGA-ACC,BI-2536,Bicalutamide,0.430392,-0.43596244,1.4359624,0.61802673
TCGA-BLCA,Acetalax,CCT-018159,0.47176966,-0.30958533,1.3095853,0.61782265
TCGA-CHOL,Cyclophosphamide,Mitoxantrone,0.4002804,-0.5432599,1.5432599,0.61773664
TCGA-CHOL,GDC0810,Mitoxantrone,0.38270313,-0.61312944,1.6131294,0.6173497
TCGA-READ,AZD3759,SB505124,0.42257044,-0.460807,1.460807,0.61729383
TCGA-ESCA,MK-1775,SGC0946,0.37396264,-0.65061736,1.6506174,0.6172692
TCGA-PAAD,Linsitinib,ascorbate (vitamin C),0.42645296,-0.44735458,1.4473546,0.6172286
TCGA-PAAD,Irinotecan,SGC0946,0.4373638,-0.41119444,1.4111944,0.6172054
TCGA-GBM,Daporinad,MIRA-1,0.40644383,-0.518331,1.518331,0.6171163
TCGA-GBM,Daporinad,glutathione,0.4357218,-0.41518638,1.4151864,0.6166276
TCGA-SKCM,Dactolisib,PD0325901,0.5208276,-0.18274637,1.1827464,0.616007
TCGA-KIRP,PRIMA-1MET,Venetoclax,0.42746407,-0.44055796,1.440558,0.6157868
TCGA-HNSC,Acetalax,Wee1 Inhibitor,0.4391101,-0.40037584,1.4003758,0.6149192
TCGA-GBM,Daporinad,PFI3,0.4019066,-0.5298604,1.5298604,0.614861
TCGA-OV,GSK1904529A,SN-38,0.44989762,-0.36644632,1.3664463,0.61476094
TCGA-LUSC,Bicalutamide,Tanespimycin,0.40042418,-0.5343454,1.5343454,0.614389
TCGA-SKCM,AZD8055,PD0325901,0.49833333,-0.23259637,1.2325964,0.61424387
TCGA-SKCM,SN-38,WZ4003,0.3710742,-0.65518665,1.6551867,0.6141971
TCGA-HNSC,Acetalax,Serdemetan,0.39569157,-0.55215406,1.5521541,0.6141743
TCGA-GBM,Daporinad,Picolinici-acid,0.3925782,-0.56378317,1.5637832,0.6139072
TCGA-READ,Bicalutamide,VX-11e,0.45625037,-0.3453701,1.34537,0.61382556
TCGA-COAD,Bicalutamide,SCH772984,0.4574278,-0.34127802,1.3412781,0.6135379
TCGA-ACC,GW441756,MK-1775,0.42079207,-0.45756343,1.4575634,0.61333114
TCGA-PAAD,BMS-754807,Bicalutamide,0.40259346,-0.52335656,1.5233566,0.6132934
TCGA-BLCA,Acetalax,Pyridostatin,0.37538594,-0.63345194,1.6334519,0.6131749
TCGA-HNSC,Tanespimycin,Topotecan,0.48505652,-0.26330054,1.2633005,0.61277217
TCGA-READ,Bicalutamide,Eg5_9814,0.3549353,-0.7253115,1.7253115,0.61237395
TCGA-HNSC,Acetalax,Vinorelbine,0.5241001,-0.16762546,1.1676254,0.6119526
TCGA-HNSC,Acetalax,Romidepsin,0.50826925,-0.2031353,1.2031353,0.61151665
TCGA-ESCA,MK-1775,Savolitinib,0.38626373,-0.5825475,1.5825474,0.6112807
TCGA-ACC,BI-2536,Tamoxifen,0.4492074,-0.35961115,1.3596112,0.6107474
TCGA-CHOL,BI-2536,IWP-2,0.40978882,-0.4897239,1.4897239,0.6104722
TCGA-COAD,Bicalutamide,Eg5_9814,0.3636796,-0.67843586,1.6784358,0.61041284
TCGA-COAD,Cyclophosphamide,Trametinib,0.4222456,-0.4453727,1.4453727,0.61030227
TCGA-CHOL,BI-2536,Picolinici-acid,0.40861914,-0.49347314,1.4934732,0.61026174
TCGA-KIRC,N-acetyl cysteine,WZ4003,0.40804493,-0.49299085,1.4929909,0.60920733
TCGA-ACC,BI-2536,BIBR-1532,0.3784839,-0.6058949,1.6058949,0.6078054
TCGA-ACC,BI-2536,GDC0810,0.40069166,-0.51640266,1.5164027,0.6076099
TCGA-PAAD,Leflunomide,Trametinib,0.40476015,-0.50100815,1.5010082,0.6075483
TCGA-PAAD,Olaparib,Refametinib,0.42094022,-0.44146794,1.441468,0.6067719
TCGA-OV,PFI-1,Sepantronium bromide,0.5058907,-0.19784626,1.1978463,0.6059793
TCGA-PAAD,Olaparib,SCH772984,0.41490644,-0.4598956,1.4598956,0.6057201
TCGA-UCS,IOX2,Vinblastine,0.38542464,-0.5710101,1.5710101,0.605506
TCGA-READ,Bicalutamide,YK-4-279,0.37022552,-0.6349188,1.6349188,0.6052887
TCGA-KICH,N-acetyl cysteine,UNC0638,0.37894148,-0.5969073,1.5969074,0.6051344
TCGA-BLCA,Acetalax,Cytarabine,0.36503872,-0.65730953,1.6573095,0.60498214
TCGA-OV,LGK974,SN-38,0.48831916,-0.2385724,1.2385724,0.6048186
TCGA-BLCA,Acetalax,Gemcitabine,0.42648104,-0.41795313,1.4179531,0.6047301
TCGA-KIRP,Acetalax,ascorbate (vitamin C),0.42790255,-0.41251957,1.4125196,0.6044207
TCGA-PAAD,Irinotecan,Trametinib,0.39691696,-0.5226835,1.5226835,0.6043789
TCGA-PAAD,PD0325901,SB505124,0.45185015,-0.33666003,1.33666,0.60397005
TCGA-KIRP,AZD5582,N-acetyl cysteine,0.37298706,-0.6184511,1.6184511,0.6036613
TCGA-PAAD,SB505124,VX-11e,0.4540954,-0.3283851,1.3283851,0.60321355
TCGA-UCEC,Paclitaxel,SB505124,0.4584915,-0.3155779,1.3155779,0.6031813
TCGA-READ,SGC0946,Trametinib,0.46250877,-0.30342382,1.3034239,0.60284495
TCGA-KIRC,GW441756,PRIMA-1MET,0.44665116,-0.34960103,1.349601,0.60280085
TCGA-KIRC,Bortezomib,N-acetyl cysteine,0.44521153,-0.35162067,1.3516207,0.6017571
TCGA-OV,Dihydrorotenone,OTX015,0.459549,-0.3088942,1.3088942,0.601501
TCGA-LIHC,BEN,Bicalutamide,0.4730596,-0.2713286,1.2713286,0.6014142
TCGA-KICH,CHIR-99021,SB505124,0.42583752,-0.41127166,1.4112717,0.6009724
TCGA-PAAD,SB505124,Selumetinib,0.43813315,-0.37065336,1.3706534,0.6005287
TCGA-OV,Cyclophosphamide,SN-38,0.4576389,-0.3119955,1.3119955,0.6004202
TCGA-READ,Bicalutamide,Docetaxel,0.36149415,-0.66087586,1.6608758,0.6003969
TCGA-COAD,Bicalutamide,YK-4-279,0.37951007,-0.5818446,1.5818446,0.60032594
TCGA-KIRC,L-Oxonoreleagnine,Mycophenolic acid,0.3922817,-0.52925706,1.529257,0.5998996
TCGA-READ,Bicalutamide,SCH772984,0.4482673,-0.33746517,1.3374652,0.5995419
TCGA-PAAD,Bicalutamide,Foretinib,0.42587048,-0.40725,1.4072499,0.5993062
TCGA-PAAD,Olaparib,Selumetinib,0.41534477,-0.44257498,1.442575,0.599166
TCGA-UCS,BI-2536,IOX2,0.40080157,-0.4933727,1.4933727,0.5985461
TCGA-PAAD,SGC0946,Talazoparib,0.46866548,-0.2763809,1.2763809,0.5981957
TCGA-READ,PFI3,Trametinib,0.4074741,-0.4678162,1.4678162,0.5980971
TCGA-LIHC,OF-1,VE-822,0.37796986,-0.5819828,1.5819829,0.5979418
TCGA-LUSC,Bicalutamide,Docetaxel,0.39568588,-0.51041996,1.51042,0.59765184
TCGA-UCS,BI-2536,Bicalutamide,0.40919244,-0.46032876,1.4603288,0.5975555
TCGA-BLCA,Acetalax,Topotecan,0.45592993,-0.31057358,1.3105736,0.5975297
TCGA-KIRC,L-Oxonoreleagnine,Luminespib,0.337919,-0.7680381,1.768038,0.59745365
TCGA-LIHC,BI-2536,Cyclophosphamide,0.3850415,-0.55156857,1.5515685,0.59741825
TCGA-READ,AZD1208,Trametinib,0.4606302,-0.2962279,1.2962279,0.5970817
TCGA-READ,Sinularin,Trametinib,0.4106348,-0.45351622,1.4535162,0.59686434
TCGA-KIRC,Gallibiscoquinazole,PRIMA-1MET,0.37522903,-0.5906209,1.5906209,0.5968471
TCGA-COAD,BI-2536,Bicalutamide,0.37855327,-0.5765734,1.5765734,0.596817
TCGA-LIHC,Dihydrorotenone,EPZ5676,0.38484612,-0.5505591,1.550559,0.59672666
TCGA-KIRC,BIBR-1532,PRIMA-1MET,0.44398624,-0.34379333,1.3437934,0.59662575
TCGA-PAAD,BMS-536924,SGC0946,0.47626144,-0.2523216,1.2523216,0.5964325
TCGA-ACC,MK-1775,Picolinici-acid,0.3838894,-0.5533996,1.5533996,0.5963336
TCGA-OV,Dihydrorotenone,Mycophenolic acid,0.4584775,-0.30033106,1.3003311,0.5961726
TCGA-ACC,BI-2536,Picolinici-acid,0.3665999,-0.62563497,1.6256349,0.5959576
TCGA-PAAD,SB505124,SCH772984,0.43853822,-0.35873103,1.358731,0.5958555
TCGA-KIRC,CHIR-99021,SB505124,0.4772156,-0.2483142,1.2483141,0.595715
TCGA-LUSC,Leflunomide,Tanespimycin,0.42466223,-0.40266424,1.4026642,0.5956585
TCGA-KICH,AZD4547,SB505124,0.41467255,-0.4350927,1.4350927,0.59509355
TCGA-UCEC,GDC0810,SN-38,0.3539394,-0.67990094,1.6799009,0.59458315
TCGA-LIHC,BEN,LGK974,0.49228212,-0.20771909,1.2077191,0.5945385
TCGA-COAD,Nelarabine,Trametinib,0.428982,-0.38318032,1.3831804,0.5933595
TCGA-LUSC,Bicalutamide,Vinorelbine,0.41460222,-0.42981544,1.4298154,0.5928047
TCGA-LIHC,AZD4547,Dihydrorotenone,0.41601232,-0.42474213,1.4247421,0.59271026
TCGA-ACC,Foretinib,Venetoclax,0.41046226,-0.44246393,1.4424639,0.59207696
TCGA-BRCA,Acetalax,Olaparib,0.39791113,-0.48745748,1.4874575,0.5918759
TCGA-KICH,Venetoclax,glutathione,0.44062206,-0.34272408,1.3427241,0.59163386
TCGA-UCS,SB505124,SN-38,0.44858453,-0.31860048,1.3186004,0.59150374
TCGA-UCEC,Bicalutamide,Paclitaxel,0.3979791,-0.4855848,1.4855847,0.5912317
TCGA-BLCA,Bicalutamide,Tanespimycin,0.4274511,-0.38174292,1.381743,0.59062755
TCGA-ACC,BI-2536,Motesanib,0.42351454,-0.39397988,1.3939799,0.5903708
TCGA-OV,Pevonedistat,glutathione,0.40652022,-0.4516343,1.4516343,0.5901187
TCGA-OV,SN-38,Veliparib,0.4220792,-0.39809746,1.3980975,0.5901079
TCGA-UCS,Cyclophosphamide,Vinblastine,0.36092165,-0.6345615,1.6345615,0.58994865
TCGA-OV,SGC0946,SN-38,0.4197505,-0.40500158,1.4050016,0.5897502
TCGA-READ,BMS-754807,GDC0810,0.3848362,-0.5319993,1.5319993,0.5895688
TCGA-COAD,Bicalutamide,Docetaxel,0.37032554,-0.59179837,1.5917983,0.58948356
TCGA-LIHC,BEN,SB505124,0.48447666,-0.21666281,1.2166628,0.5894447
TCGA-UCEC,Epirubicin,SB505124,0.4646956,-0.26782382,1.2678238,0.58915216
TCGA-BLCA,Acetalax,Romidepsin,0.38786173,-0.5188081,1.5188081,0.58908755
TCGA-BLCA,5-Fluorouracil,Acetalax,0.4748624,-0.23964888,1.2396488,0.5886626
TCGA-COAD,IOX2,Trametinib,0.42591998,-0.38177085,1.3817708,0.5885238
TCGA-ACC,SB505124,TW 37,0.46842608,-0.25557002,1.25557,0.58814174
TCGA-SARC,AZD7762,IOX2,0.37010777,-0.5888641,1.5888641,0.58805096
TCGA-KIRP,Nutlin-3a (-),SGC0946,0.47546074,-0.23576447,1.2357645,0.5875575
TCGA-BLCA,Acetalax,Crizotinib,0.37338027,-0.5732388,1.5732388,0.58741635
TCGA-OV,Picolinici-acid,SN-38,0.38790575,-0.5143021,1.514302,0.58740646
TCGA-UCS,GSK-LSD1,Vinblastine,0.33007514,-0.7789311,1.7789311,0.587181
TCGA-STAD,Acetalax,TW 37,0.35589138,-0.6497632,1.6497632,0.5871365
TCGA-OV,RVX-208,Sepantronium bromide,0.459872,-0.2752027,1.2752028,0.5864301
TCGA-COAD,SGC0946,Trametinib,0.4652929,-0.2595782,1.2595782,0.5860728
TCGA-OV,IWP-2,SN-38,0.3887358,-0.507623,1.507623,0.586067
TCGA-ACC,AZD7762,Linsitinib,0.53893536,-0.087367065,1.087367,0.5860206
TCGA-OV,Dihydrorotenone,Epirubicin,0.46418652,-0.26212674,1.2621267,0.5858622
TCGA-LIHC,Dihydrorotenone,LCL161,0.3887794,-0.5062685,1.5062685,0.58560616
TCGA-LUAD,JNK Inhibitor VIII,SB505124,0.43111324,-0.35751924,1.3575193,0.58524454
TCGA-ACC,Bicalutamide,MK-1775,0.45042437,-0.29660273,1.2966027,0.58402145
TCGA-OV,Dihydrorotenone,Romidepsin,0.41035855,-0.4231392,1.4231392,0.58399737
TCGA-UCS,BI-2536,Cyclophosphamide,0.3758475,-0.5525993,1.5525993,0.58354056
TCGA-BRCA,Bicalutamide,Paclitaxel,0.39387342,-0.4813758,1.4813758,0.5834746
TCGA-ACC,Axitinib,Venetoclax,0.4431301,-0.31634074,1.3163407,0.5833102
TCGA-COAD,AZD3759,SB505124,0.40867943,-0.4270584,1.4270585,0.58320946
TCGA-BRCA,BI-2536,Bicalutamide,0.40096608,-0.4544723,1.4544723,0.5831941
TCGA-BRCA,Acetalax,ascorbate (vitamin C),0.39604822,-0.47078955,1.4707896,0.58250356
TCGA-BLCA,Acetalax,Mycophenolic acid,0.33414444,-0.74206585,1.7420659,0.58210164
TCGA-LUSC,AZD7762,N-acetyl cysteine,0.36265934,-0.6042019,1.6042019,0.5817788
TCGA-LIHC,BI-2536,IOX2,0.3955953,-0.47051886,1.4705188,0.58173037
TCGA-UCS,CZC24832,Vinblastine,0.3409215,-0.70407224,1.7040722,0.58095485
TCGA-BLCA,Bicalutamide,Docetaxel,0.3782509,-0.53575873,1.5357587,0.5809021
TCGA-UCEC,Bicalutamide,SN-38,0.4157571,-0.39614084,1.3961408,0.5804554
TCGA-LIHC,Dihydrorotenone,JNK Inhibitor VIII,0.39970687,-0.4518351,1.4518352,0.5803085
TCGA-LUSC,Docetaxel,SGC0946,0.41174042,-0.40897807,1.4089781,0.58013326
TCGA-STAD,Bicalutamide,Lapatinib,0.43696317,-0.32720843,1.3272084,0.5799412
TCGA-BLCA,Acetalax,Obatoclax Mesylate,0.3852068,-0.50546634,1.5054663,0.5799159
TCGA-UCS,Alisertib,IOX2,0.41004628,-0.41410944,1.4141095,0.5798503
TCGA-UCS,Bicalutamide,Vinblastine,0.39452273,-0.46938062,1.4693806,0.57970405
TCGA-KICH,Doramapimod,Venetoclax,0.400957,-0.44572583,1.4457258,0.5796739
TCGA-UCS,GSK-LSD1-2HCl ,Vinblastine,0.33101898,-0.75061536,1.7506154,0.5794869
TCGA-UCS,BI-2536,CZC24832,0.35483024,-0.63310444,1.6331044,0.5794748
TCGA-LIHC,Dihydrorotenone,Doramapimod,0.4233294,-0.3687571,1.3687571,0.57943517
TCGA-COAD,Bicalutamide,Selumetinib,0.4629789,-0.25150993,1.2515099,0.57942265
TCGA-KICH,EPZ5676,SB505124,0.4339325,-0.33501133,1.3350114,0.5793048
TCGA-UCS,Vinblastine,Zoledronate,0.34757182,-0.6664822,1.6664822,0.57922226
TCGA-UCS,BI-2536,GSK-LSD1-2HCl ,0.34405044,-0.68330044,1.6833005,0.57914025
TCGA-COAD,IWP-2,Trametinib,0.44642022,-0.2964624,1.2964624,0.57876706
TCGA-CESC,Docetaxel,SGC0946,0.4048902,-0.42857805,1.428578,0.57841724
TCGA-UCS,BI-2536,GSK-LSD1,0.34328538,-0.6840546,1.6840546,0.57811135
TCGA-UCEC,Bicalutamide,Epirubicin,0.40396672,-0.4305597,1.4305596,0.5778985
TCGA-KICH,UNC0638,glutathione,0.36212644,-0.595099,1.595099,0.57762754
TCGA-LIHC,Doramapimod,SB505124,0.39083728,-0.4778829,1.4778829,0.57761174
TCGA-LUSC,PFI3,Vinorelbine,0.39037,-0.47922587,1.4792259,0.57744545
TCGA-UCS,BI-2536,GSK2578215A,0.3787578,-0.52355534,1.5235553,0.57705843
TCGA-OV,Dihydrorotenone,Gemcitabine,0.44306687,-0.30162796,1.301628,0.57670826
TCGA-LIHC,Dihydrorotenone,Ruxolitinib,0.43115598,-0.33741245,1.3374125,0.5766334
TCGA-OV,AGI-6780,SN-38,0.4071566,-0.41609737,1.4160974,0.5765734
TCGA-UCS,BI-2536,BIBR-1532,0.3578615,-0.6111324,1.6111324,0.5765622
TCGA-OV,Cytarabine,Dihydrorotenone,0.44476217,-0.2963365,1.2963365,0.57656145
TCGA-BRCA,Daporinad,L-Oxonoreleagnine,0.36480933,-0.579966,1.5799661,0.5763864
TCGA-COAD,Trametinib,Zoledronate,0.39883333,-0.44321218,1.4432122,0.5756011
TCGA-LUSC,Bicalutamide,Vinblastine,0.41461438,-0.3877897,1.3877897,0.57539755
TCGA-LIHC,BEN,Dihydrorotenone,0.5269395,-0.09127586,1.0912758,0.57503635
TCGA-UCEC,Bicalutamide,Docetaxel,0.39523238,-0.45249054,1.4524906,0.5740713
TCGA-LUSC,Nelarabine,Pevonedistat,0.3667403,-0.565226,1.5652261,0.5740315
TCGA-LUSC,SGC0946,Vinorelbine,0.42964262,-0.33568224,1.3356823,0.573866
TCGA-SARC,IOX2,Vinblastine,0.35351822,-0.62300044,1.6230004,0.5737602
TCGA-KICH,CCT007093,SB505124,0.42147848,-0.36116794,1.3611679,0.573703
TCGA-KIRP,AZD5582,ascorbate (vitamin C),0.38352022,-0.49540442,1.4954045,0.57351786
TCGA-SARC,IOX2,Luminespib,0.3749792,-0.5291663,1.5291662,0.5734055
TCGA-COAD,Bicalutamide,Lapatinib,0.37707376,-0.5196243,1.5196242,0.57301044
TCGA-UCS,Veliparib,Vinblastine,0.37562975,-0.5248621,1.524862,0.5727835
TCGA-UCS,Dinaciclib,Veliparib,0.33653343,-0.70181745,1.7018175,0.5727185
TCGA-UCS,CCT007093,Vinblastine,0.32833612,-0.74343044,1.7434304,0.57243115
TCGA-LUSC,GSK-LSD1,Vinorelbine,0.37879574,-0.5109985,1.5109985,0.5723598
TCGA-KIRP,AZD3759,Leflunomide,0.45489228,-0.2581816,1.2581816,0.5723371
TCGA-LUSC,Pevonedistat,glutathione,0.40167484,-0.42429778,1.4242978,0.5721046
TCGA-KICH,PRIMA-1MET,Venetoclax,0.34461257,-0.6593563,1.6593564,0.57183504
TCGA-CESC,LY2109761,Pevonedistat,0.3754092,-0.520571,1.520571,0.5708363
TCGA-LIHC,BI-2536,CCT007093,0.40689558,-0.40253124,1.4025313,0.5706838
TCGA-COAD,GDC0810,SCH772984,0.40467763,-0.4101405,1.4101405,0.5706523
TCGA-STAD,Acetalax,Olaparib,0.38249186,-0.49147388,1.4914739,0.57047665
TCGA-KIRP,N-acetyl cysteine,UNC0638,0.40067336,-0.42352393,1.4235239,0.5703681
TCGA-UCEC,Epirubicin,SGC0946,0.39664754,-0.43793136,1.4379313,0.5703519
TCGA-COAD,Cyclophosphamide,VX-11e,0.3877708,-0.46998793,1.4699879,0.57001835
TCGA-KICH,BI-2536,PFI3,0.34699896,-0.64234245,1.6423424,0.5698911
TCGA-STAD,Acetalax,Dactolisib,0.38773462,-0.46909156,1.4690915,0.5696176
TCGA-LIHC,BEN,BIBR-1532,0.40254298,-0.41498306,1.414983,0.56959146
TCGA-CESC,Docetaxel,LY2109761,0.4112741,-0.3846254,1.3846254,0.5694606
TCGA-UCEC,Bicalutamide,Teniposide,0.41366723,-0.37626067,1.3762606,0.56931394
TCGA-SARC,BIBR-1532,Vinblastine,0.34677523,-0.64144725,1.6414473,0.5692133
TCGA-LUSC,IOX2,Tanespimycin,0.37478846,-0.51831526,1.5183153,0.56904703
TCGA-UCEC,Cyclophosphamide,Epirubicin,0.3778975,-0.5017926,1.5017927,0.5675237
TCGA-SARC,BI-2536,BIBR-1532,0.35009813,-0.62075454,1.6207545,0.5674231
TCGA-KIRP,AZD3759,Nutlin-3a (-),0.46027312,-0.23277748,1.2327775,0.56741434
TCGA-LUSC,Bicalutamide,Pevonedistat,0.4074353,-0.39236385,1.3923638,0.5672982
TCGA-LUSC,Pevonedistat,SGC0946,0.42168254,-0.34529293,1.3452929,0.56728655
TCGA-KICH,N-acetyl cysteine,Venetoclax,0.46181187,-0.22741033,1.2274103,0.56683266
TCGA-KICH,Rapamycin,Venetoclax,0.3567595,-0.5876423,1.5876423,0.5664065
TCGA-CESC,Docetaxel,L-Oxonoreleagnine,0.38688913,-0.46363765,1.4636376,0.56626546
TCGA-LUSC,BIBR-1532,Vinblastine,0.3456971,-0.63781166,1.6378117,0.5661867
TCGA-LUSC,SGC0946,Vinblastine,0.42932308,-0.31857288,1.3185729,0.56609374
TCGA-SARC,BI-2536,IOX2,0.3574438,-0.58362865,1.5836287,0.5660583
TCGA-KICH,JNK Inhibitor VIII,Venetoclax,0.42270502,-0.33883473,1.3388348,0.56593215
TCGA-LIHC,BI-2536,L-Oxonoreleagnine,0.39636287,-0.42725563,1.4272556,0.56571114
TCGA-UCEC,Epirubicin,GDC0810,0.34659505,-0.63119954,1.6311996,0.56536573
TCGA-LIHC,Dihydrorotenone,Ribociclib,0.38372332,-0.47289184,1.4728918,0.5651829
TCGA-KICH,SB216763,UNC0638,0.38014913,-0.48604628,1.4860463,0.56491923
TCGA-KICH,SB216763,SB505124,0.4445536,-0.27049264,1.2704927,0.5648021
TCGA-LUSC,BI-2536,SGC0946,0.41331422,-0.3662386,1.3662386,0.5646858
TCGA-KIRP,N-acetyl cysteine,Tamoxifen,0.4339782,-0.30030066,1.3003006,0.5643021
TCGA-LUSC,BIBR-1532,Vinorelbine,0.3463136,-0.62903506,1.629035,0.56415695
TCGA-STAD,AZD7762,IOX2,0.35840443,-0.5734537,1.5734537,0.5639328
TCGA-LUSC,LY2109761,Vinorelbine,0.38689584,-0.45536748,1.4553674,0.5630756
TCGA-BRCA,Doramapimod,SB505124,0.38153931,-0.47546,1.47546,0.562946
TCGA-CESC,AZD6738,Dihydrorotenone,0.4307387,-0.30670112,1.3067012,0.5628468
TCGA-KIRP,Gefitinib,Nutlin-3a (-),0.45837533,-0.22660443,1.2266045,0.56224525
TCGA-UCEC,SGC0946,SN-38,0.4085521,-0.3759774,1.3759774,0.56215847
TCGA-KIRP,Nutlin-3a (-),Sapitinib,0.45315623,-0.2404884,1.2404884,0.56213504
TCGA-LUAD,SB505124,SN-38,0.39338234,-0.4287094,1.4287094,0.56202906
TCGA-UCEC,Cyclophosphamide,Docetaxel,0.36916873,-0.5210555,1.5210555,0.5615261
TCGA-KIRP,CCT007093,Nutlin-3a (-),0.44764715,-0.25437364,1.2543737,0.5615168
TCGA-CESC,Dihydrorotenone,VE821,0.38925782,-0.44096902,1.440969,0.56090844
TCGA-STAD,Afatinib,Bicalutamide,0.41542354,-0.34887385,1.3488739,0.56035393
TCGA-CESC,Acetalax,Cytarabine,0.38341126,-0.46109077,1.4610908,0.56019866
TCGA-SARC,IOX2,Irinotecan,0.34608874,-0.61411023,1.6141102,0.5586254
TCGA-UCEC,Bicalutamide,Sepantronium bromide,0.36927983,-0.5120467,1.5120467,0.5583683
TCGA-BRCA,PFI3,Paclitaxel,0.33619547,-0.6605671,1.660567,0.5582751
TCGA-KIRP,JNK Inhibitor VIII,Methotrexate,0.3939188,-0.4172308,1.4172308,0.5582739
TCGA-BRCA,BI-2536,L-Oxonoreleagnine,0.3428591,-0.6280216,1.6280216,0.558182
TCGA-STAD,Olaparib,Sapitinib,0.39804506,-0.40193096,1.4019309,0.5580317
TCGA-CESC,Pevonedistat,SGC0946,0.36992827,-0.5073137,1.5073137,0.55759794
TCGA-UCEC,Cyclophosphamide,SN-38,0.3892073,-0.43170148,1.4317014,0.5572286
TCGA-CESC,BIBR-1532,Docetaxel,0.34783682,-0.5995628,1.5995629,0.5563869
TCGA-BRCA,Acetalax,Niraparib,0.3868179,-0.43751618,1.4375162,0.556057
TCGA-CESC,Dihydrorotenone,Luminespib,0.4151997,-0.33862758,1.3386276,0.55579776
TCGA-UCEC,Cyclophosphamide,Dactinomycin,0.34884185,-0.5919203,1.5919204,0.5553284
TCGA-KIRP,AZD4547,PFI3,0.47629568,-0.16466044,1.1646605,0.5547227
TCGA-STAD,AZD7762,N-acetyl cysteine,0.34437737,-0.60913545,1.6091354,0.5541498
TCGA-BRCA,Bicalutamide,Vinorelbine,0.39579478,-0.40003425,1.4000342,0.5541262
TCGA-UCEC,Cyclophosphamide,Paclitaxel,0.37305096,-0.48519486,1.4851949,0.55405337
TCGA-KIRP,LCL161,ascorbate (vitamin C),0.47678944,-0.16151573,1.1615157,0.55379844
TCGA-SARC,BIBR-1532,Luminespib,0.36811444,-0.5042795,1.5042795,0.553747
TCGA-STAD,Lapatinib,Olaparib,0.4142396,-0.33526507,1.335265,0.55311966
TCGA-CESC,Acetalax,Cisplatin,0.405298,-0.36468852,1.3646885,0.55310553
TCGA-KIRP,LCL161,Nutlin-3a (-),0.4404966,-0.2536128,1.2536128,0.5522122
TCGA-CESC,Acetalax,VE821,0.43314657,-0.27392277,1.2739228,0.5517953
TCGA-KIRP,CCT007093,Leflunomide,0.442871,-0.2451477,1.2451477,0.5514398
TCGA-CESC,L-Oxonoreleagnine,Pevonedistat,0.35352027,-0.55962175,1.5596218,0.5513579
TCGA-KIRP,BEN,EPZ5676,0.49542308,-0.11282344,1.1128235,0.55131847
TCGA-STAD,BI-2536,CZC24832,0.39611575,-0.39077902,1.390779,0.55090946
TCGA-UCEC,Cyclophosphamide,Teniposide,0.38764536,-0.41884843,1.4188484,0.55001
TCGA-STAD,Bicalutamide,Sapitinib,0.4218847,-0.30345932,1.3034593,0.54990953
TCGA-CESC,Acetalax,Tanespimycin,0.51150775,-0.07470833,1.0747083,0.54972166
TCGA-STAD,Cyclophosphamide,Lapatinib,0.39630896,-0.385599,1.385599,0.5491253
TCGA-BRCA,CCT-018159,CCT007093,0.3585907,-0.53070366,1.5307037,0.5488961
TCGA-CESC,Docetaxel,GW441756,0.3469655,-0.5817239,1.5817239,0.5488036
TCGA-CESC,Acetalax,Luminespib,0.4619206,-0.18716915,1.1871692,0.5483779
TCGA-CESC,Bicalutamide,Docetaxel,0.42570066,-0.2875288,1.2875288,0.54810184
TCGA-UCEC,Dihydrorotenone,Luminespib,0.38999885,-0.40372968,1.4037297,0.547453
TCGA-CESC,Acetalax,CCT-018159,0.44907877,-0.21796435,1.2179644,0.54696196
TCGA-STAD,BI-2536,PFI3,0.37983805,-0.43853024,1.4385302,0.54640853
TCGA-STAD,BEN,XAV939,0.40502983,-0.34841794,1.348418,0.5461495
TCGA-STAD,IOX2,VE-822,0.38018242,-0.43645605,1.4364561,0.54611534
TCGA-STAD,BI-2536,Bicalutamide,0.40204212,-0.35754007,1.3575401,0.5457883
TCGA-CESC,Acetalax,Pyridostatin,0.35995233,-0.5160519,1.5160519,0.5457064
TCGA-STAD,BI-2536,Savolitinib,0.40451637,-0.3444028,1.3444028,0.54383296
TCGA-BRCA,CCT007093,Daporinad,0.35066533,-0.54814357,1.5481436,0.5428803
TCGA-BRCA,AZD5363,BIBR-1532,0.35427475,-0.53214085,1.5321409,0.5427988
TCGA-SARC,AZD5438,BIBR-1532,0.3204685,-0.69303787,1.6930379,0.5425653
TCGA-BRCA,Daporinad,SGC0946,0.38257638,-0.41585398,1.415854,0.5416723
TCGA-STAD,Acetalax,ascorbate (vitamin C),0.37758332,-0.43450388,1.4345039,0.54164475
TCGA-STAD,Acetalax,Cytarabine,0.39276865,-0.3788218,1.3788218,0.541558
TCGA-CESC,Docetaxel,Savolitinib,0.3964204,-0.36494225,1.3649423,0.54109097
TCGA-BRCA,Daporinad,IOX2,0.39525467,-0.3688121,1.3688121,0.5410294
TCGA-BRCA,Bicalutamide,Daporinad,0.4275797,-0.26427642,1.2642764,0.5405789
TCGA-SARC,BIBR-1532,Podophyllotoxin bromide,0.3334395,-0.61861366,1.6186137,0.53970975
TCGA-BRCA,Daporinad,PFI3,0.366868,-0.4697386,1.4697386,0.53920007
TCGA-STAD,BI-2536,Picolinici-acid,0.37039512,-0.45473054,1.4547305,0.5388251
TCGA-BRCA,Daporinad,Gallibiscoquinazole,0.37447637,-0.4384589,1.4384589,0.5386689
TCGA-BRCA,Fulvestrant,Olaparib,0.37515306,-0.43535316,1.4353532,0.5384771
TCGA-BRCA,AZD5582,N-acetyl cysteine,0.36638612,-0.46794364,1.4679437,0.53783417
TCGA-LUAD,N-acetyl cysteine,Tamoxifen,0.37403715,-0.43694612,1.4369462,0.53747123
TCGA-SARC,BIBR-1532,Romidepsin,0.33360422,-0.5960479,1.5960479,0.5324483
TCGA-SARC,IOX2,Podophyllotoxin bromide,0.3404791,-0.5605562,1.5605562,0.5313368
TCGA-SARC,IOX2,Teniposide,0.32672963,-0.62079823,1.6207982,0.5295628
TCGA-SARC,Motesanib,Vinblastine,0.3425867,-0.540114,1.5401139,0.5276225
TCGA-SARC,Camptothecin,IOX2,0.33583105,-0.5673167,1.5673168,0.52635366
TCGA-LUAD,LY2109761,SB505124,0.4368311,-0.20154966,1.2015496,0.5248742
TCGA-SARC,Dinaciclib,IOX2,0.31770858,-0.64907753,1.6490775,0.5239261
TCGA-SARC,5-azacytidine,BIBR-1532,0.3272603,-0.5958223,1.5958223,0.5222493
TCGA-SARC,BIBR-1532,Irinotecan,0.34077665,-0.52987605,1.529876,0.52134603
TCGA-LUAD,SB505124,glutathione,0.46585485,-0.118006624,1.1180066,0.5208288
TCGA-SARC,Cyclophosphamide,Vinblastine,0.34037098,-0.52803075,1.5280308,0.5200973
TCGA-SARC,AZD5438,IOX2,0.3276808,-0.5869921,1.586992,0.5200268
TCGA-LUAD,N-acetyl cysteine,WZ4003,0.38030738,-0.3664845,1.3664845,0.51968414
TCGA-LUAD,SN-38,Savolitinib,0.36188516,-0.42671254,1.4267125,0.5163061
TCGA-LUAD,MN-64,SB505124,0.36954626,-0.39404953,1.3940495,0.5151658
TCGA-LUAD,CCT007093,SB505124,0.3686368,-0.39444327,1.3944433,0.5140431
TCGA-LUAD,EPZ5676,SB505124,0.4518668,-0.13213949,1.1321394,0.51157624
TCGA-LUAD,BEN,SGC0946,0.42712831,-0.19456117,1.1945611,0.5102309
TCGA-LUAD,Dactolisib,N-acetyl cysteine,0.4169966,-0.2194622,1.2194622,0.50851154
TCGA-LUAD,Daporinad,PFI3,0.3562793,-0.42460603,1.4246061,0.5075577
TCGA-LUAD,Doramapimod,Methotrexate,0.3216763,-0.5769874,1.5769874,0.5072795
TCGA-LUAD,GW441756,Topotecan,0.38308614,-0.32240233,1.3224024,0.506594
TCGA-LUAD,Daporinad,GSK-LSD1,0.3334805,-0.51815474,1.5181547,0.506275
TCGA-LUAD,Dactolisib,OF-1,0.34846488,-0.45218232,1.4521823,0.5060345
TCGA-LUAD,CCT-018159,L-Oxonoreleagnine,0.38234216,-0.3223753,1.3223753,0.50559986
