hgnc_symbol,SIDM00003,SIDM00023,SIDM00040,SIDM00041
KRT19,0.8639,10.1656,8.6226,0.2869
SPARC,10.2563,2.4673,2.1922,9.6709
RPL36A-HNRNPH2,0.7655,0.9782,0.9561,0.757
VIM,11.9567,1.9672,0.0976,11.795
TGFBI,8.8397,7.2317,8.9522,11.5451
UCHL1,1.0635,0.585,7.2535,7.9979
KRT8,3.5323,9.0941,8.1532,9.9226
KRT7,0.189,9.1242,11.2257,2.6276
C19orf33,0.546,7.7984,7.3256,9.3569
RPS4Y1,2.7761,0.0976,0.0,0.0566
CD74,6.0472,0.7312,0.5361,0.4957
KRT18,6.5308,8.4825,9.5204,9.6364
S100A6,9.7764,10.9679,11.3811,11.943
EPCAM,0.433,7.7789,8.348,2.4033
FN1,8.6241,2.6826,0.6415,6.6764
FXYD3,8.3067,9.1696,12.2891,0.251
TACSTD2,0.0286,8.1403,6.2172,0.0286
S100P,0.9411,4.8728,10.3258,0.433
IGFBP3,3.5886,7.34,0.903,0.8156
CAV1,7.9811,10.2796,4.4168,6.0159
ANXA1,8.8611,9.5907,7.2181,1.8914
SERPINE1,0.0841,3.5385,0.1635,9.3371
KRT17,0.0426,9.7652,7.9506,0.1506
SPINT2,0.585,7.6814,9.3129,0.1243
S100A16,1.0356,7.9545,8.4859,9.0498
TM4SF1,5.9129,5.8936,7.7391,7.8404
IFI27,1.9411,6.111,1.3896,8.9696
HLA-DRA,3.2913,0.0144,0.0286,1.7049
MAL2,0.433,7.2291,6.9264,0.4436
NNMT,3.1276,0.3561,9.4066,10.0483
S100A14,0.1763,8.576,8.6934,1.9964
LGALS1,11.1741,10.1918,9.0008,11.9998
CLDN4,0.3896,6.3616,6.0088,2.0942
AGR2,0.2987,7.1193,9.5629,0.0
CD24,0.516,7.0411,7.6535,9.2366
IGFBP7,6.0139,3.9355,3.6611,7.1273
SFN,0.2388,8.0523,5.6135,8.0483
XAGE1A,7.286,0.1375,0.0,7.5217
LCN2,0.5656,4.1326,6.4138,0.9336
CDKN2A,7.1807,0.3896,2.7803,1.0635
IFITM1,4.2227,7.5014,4.4679,5.2464
MGST1,3.7887,3.9982,8.5229,0.1635
COL1A2,0.0704,0.9184,0.0,0.3334
MT1E,3.0583,6.9761,0.5059,7.5664
SLPI,0.0,4.441,6.5218,1.0566
ELF3,0.251,6.5204,7.0015,0.0426
TUBA1B-AS1,1.4276,1.585,0.275,0.5945
ARHGDIB,0.7137,1.3219,0.9411,0.8319
CCN1,2.696,7.1323,4.3183,8.0151
SRGN,3.3234,0.6041,0.3103,0.7485
SPP1,8.6154,0.3219,1.6369,0.0566
IFITM3,6.5984,8.853,9.3852,9.8125
LCP1,6.7674,0.2388,0.2141,1.4114
CD44,9.0933,7.7083,8.2019,9.2429
FSTL1,3.3519,5.4998,2.2898,7.1586
CLDN7,0.3785,7.3581,8.7575,2.2479
THBS1,4.1119,7.854,4.3356,3.5993
EFEMP1,0.3896,8.3998,1.9411,3.1309
TINAGL1,1.0356,6.4765,2.5753,0.6041
TGM2,0.3334,0.9855,7.0353,4.8505
ADIRF,0.0,8.6635,6.6087,0.0
COL6A2,2.4141,1.3391,0.0841,7.8628
RAB25,0.2388,6.9988,7.2908,0.0841
DKK1,2.5084,7.7679,0.0144,0.0566
EEF1A2,4.1779,7.2426,0.1506,6.7432
BASP1,0.8718,6.6719,7.9619,3.0858
CLU,1.1763,7.4896,5.9556,6.6168
ST14,0.1763,6.5636,6.4244,0.0976
ALDH1A3,7.7166,7.6614,0.3561,1.8875
PLAU,0.0144,6.3454,3.0531,10.4432
KRT5,0.0426,11.2472,1.5361,0.3334
CAVIN1,7.4429,7.7562,5.4333,6.9141
BEX1,0.3448,0.0566,0.0,5.8012
IGFBP2,3.9837,5.9637,4.263,1.5008
ANXA3,4.6594,5.0426,4.842,0.0286
BST2,7.1008,7.7355,1.3161,7.4696
S100A2,1.1506,9.1938,1.669,10.8881
MYL9,3.3604,3.3462,3.852,6.5426
GYPC,8.5714,0.0704,0.0704,6.3761
DMKN,4.337,7.648,0.1763,5.7669
ALDH1A1,2.7355,8.9661,7.2346,0.2388
CDH1,0.2265,6.8701,6.151,1.3618
S100A11,10.3213,10.5453,10.2531,9.9662
XIST,0.4751,0.903,6.334,0.0286
AXL,0.275,4.634,0.2987,7.9602
GPRC5A,4.0557,6.2613,5.1502,7.6315
IGFBP5,0.433,1.2987,1.0144,1.4276
MT2A,10.2842,8.0392,2.2079,9.8954
H19,0.1506,1.3674,8.82,0.4647
AKR1C2,0.1243,7.1589,11.87,0.2265
S100A9,0.0,2.8972,6.0343,0.2141
GPX2,0.4114,6.4441,0.6415,0.189
LAMC2,0.111,5.7968,2.067,6.9676
RBP1,0.0,0.0426,0.0,5.2928
S100A4,3.5777,6.779,10.9498,6.1125
IL32,0.0144,2.0108,4.4673,4.7442
MYOF,6.5119,7.4938,5.5251,7.9871
MLPH,7.0411,0.2141,5.636,6.2895
GDF15,6.8947,3.2219,5.1599,7.0818
LGALS3,9.019,7.3239,8.2784,7.4737
F3,1.7991,7.6785,4.4229,3.4555
COL4A2,5.7975,5.189,2.8953,1.384
CAV2,5.1767,8.6528,5.1064,4.6182
MMP2,2.5993,3.706,0.0144,8.6787
TIMP3,6.5362,4.3234,4.585,6.6411
UCA1,0.0704,6.9645,0.263,0.4436
LAPTM5,0.1506,1.1953,0.0144,0.546
MAGEA3,7.04,0.1763,6.7642,7.8328
EMP1,6.9955,7.0164,2.0036,7.9243
AKR1C3,0.5059,6.757,9.7282,2.4568
S100A10,9.4194,10.0751,8.709,9.1423
DKK3,4.6943,3.6679,0.0286,6.746
FKBP10,7.084,6.5572,4.2449,7.361
CCND1,6.9586,6.2679,5.796,6.6421
IFITM2,0.3896,7.4269,7.3975,8.7653
MMP14,7.794,7.9859,0.5656,10.3073
THY1,0.3785,0.3674,0.0144,6.6094
CYBA,7.4571,8.6315,8.8464,5.2261
PRSS23,5.1206,7.2626,7.4671,6.456
TFPI2,0.7908,0.4222,0.111,0.0144
CCN2,0.9782,0.4957,3.4396,1.9449
CALD1,7.887,2.8012,1.4957,7.5925
PRAME,6.5887,0.0566,2.6871,6.4601
CRIP1,0.3219,6.6213,7.0234,5.859
KRT81,0.9709,0.546,10.5992,3.0583
CCDC80,3.4764,6.2073,0.0566,3.6334
TNC,7.3593,0.4542,0.4751,6.2392
SCNN1A,0.6508,5.3775,4.8475,1.3505
COL1A1,0.1635,3.251,3.5705,8.2551
FOSL1,7.0639,6.3604,2.862,6.2075
SDC2,5.033,1.5059,0.0286,3.3334
CD9,8.0627,9.2865,5.4944,6.405
IGKC,0.0,0.0286,0.0,0.0
SERPINE2,10.5424,2.4803,1.8718,7.6869
CRABP2,0.926,8.6724,9.5537,2.6159
HLA-DPA1,2.6781,0.0,0.0286,1.251
ASS1,0.2141,8.5923,10.7841,1.0635
LOXL2,2.4542,3.8268,3.8728,7.5364
RAC2,1.8718,5.4067,3.853,7.1071
AREG,0.111,3.0409,2.4647,0.3334
GJA1,0.0144,5.5928,0.0,0.0426
LAMB3,2.1922,7.8238,6.43,6.6822
ITGB4,0.5361,8.0406,3.9598,3.8787
COL6A1,4.2464,2.4568,4.4336,7.3097
PLK2,4.7458,5.9184,7.7549,5.2638
GMFG,1.1827,0.2141,0.0841,0.516
MAGEA6,7.2494,0.1375,6.3653,7.514
ITGA3,4.3992,7.5356,5.8706,8.3392
PEG10,3.7257,0.189,0.0144,3.7225
HCLS1,0.0144,0.3896,0.2141,0.2016
CLDN1,0.8797,7.9785,4.6542,0.0426
BEX3,6.5329,7.4074,5.1894,7.2468
PXDN,5.5659,4.5192,0.6229,0.0566
TPM2,3.6159,4.4276,6.8947,8.1272
AP1M2,0.1763,6.7214,5.7517,3.6702
CD70,4.116,1.6041,0.0286,8.5492
DSP,0.0841,7.3154,6.0303,5.0832
AKR1C1,1.2928,7.074,11.0577,1.5311
SPINT1,3.0566,7.5118,7.1606,1.144
COL4A1,3.7093,3.6747,0.1243,0.4957
TNFAIP2,1.0215,7.4535,5.8268,6.1098
TMSB4XP6,0.0,0.0,2.2357,5.4496
FBLN1,0.5361,6.9363,1.5311,3.4712
TUSC3,5.7241,6.8557,0.1506,5.7811
NT5E,3.8914,3.3827,0.546,9.2513
TUBB2B,3.6159,1.9298,0.263,5.7637
MIR205HG,0.0976,7.3236,0.84,0.0704
ESRP1,3.7991,6.1977,6.1577,1.4854
LAD1,0.1635,7.3131,5.742,0.1243
GSTM3,5.366,4.6927,4.4039,6.887
TIMP1,8.2205,6.8998,6.5388,7.5557
MEG3,0.0976,0.0566,0.0,4.5223
RAB34,6.7739,6.5157,6.1749,6.9999
CAVIN3,7.0661,0.0976,4.263,7.9447
COL5A1,1.1043,3.2943,1.2079,3.7527
SNRPN,4.9331,4.8094,0.0426,5.2071
L1CAM,2.0875,3.511,0.774,7.5042
HLA-DRB1,0.926,0.0144,0.0,0.2016
CXCR4,0.1243,0.0144,0.0,1.8115
IGFBP4,3.4033,7.44,4.99,7.1469
KRT6A,0.0144,7.2036,0.3561,0.1763
HLA-B,3.6206,7.0968,3.8319,9.8311
PLAC8,0.0566,5.9258,3.1077,0.2141
PLAT,5.803,2.7355,2.384,6.5538
SLC43A3,8.2959,0.3561,0.585,4.641
LTBR,6.3185,7.4849,5.7573,6.4361
IFI16,7.9215,5.9486,0.189,8.2713
CDH3,6.8983,7.3891,4.6764,1.2928
DPYSL3,3.2795,0.2869,0.0,5.5931
HTRA1,5.6299,3.9819,0.1763,4.9891
C15orf48,0.111,4.0626,7.0233,2.6893
CXCL1,0.5261,6.2018,0.5558,0.1243
WFDC2,0.0841,5.6954,0.0,1.5211
C3,0.2016,0.5945,7.6372,5.4796
VCAN,1.669,0.433,0.0144,4.0738
TSPAN1,0.4222,5.911,7.7867,3.0374
COL12A1,0.8797,5.1843,0.2265,1.157
PRSS8,0.1375,6.1524,6.6058,0.0704
ABCC3,0.2869,5.9399,6.7908,1.2928
IGHM,0.0,0.0144,0.0,0.0144
VAMP8,0.6323,7.2598,5.8763,2.943
COL5A2,3.6005,7.7905,3.696,0.669
NUPR1,5.7522,3.9598,6.5569,6.3644
EHF,0.3785,6.0197,3.5472,0.0704
XAGE1B,5.3705,0.0,0.0,6.2034
CPE,0.0426,3.852,9.4805,5.6168
IGFBP6,3.9411,8.8836,0.4114,8.6402
MDK,3.0755,7.0666,4.6747,6.35
ALDH3A1,0.0426,8.7235,6.9117,0.0976
UGT1A6,0.0,7.7754,5.588,0.0
RNVU1-7,1.1177,6.2716,0.0,1.4854
COL3A1,0.0286,4.3363,0.0144,0.0144
CDH2,4.9331,0.0704,0.0,2.8217
SMIM22,0.3334,1.406,6.3811,0.2016
RHOD,3.6645,7.6862,5.9103,0.0426
ANXA8,0.0,8.2294,0.8953,5.6462
CTSL,5.2246,5.433,8.8641,7.1676
CRYAB,0.6415,2.8094,4.673,4.8151
CXCL8,1.1309,4.0108,1.4005,0.1635
ADGRG1,7.8379,7.0633,5.6436,2.2928
CNN3,8.8335,2.9069,7.2446,8.5329
COL6A3,0.0426,0.4114,0.0144,5.021
FOS,2.9241,9.049,7.8201,5.4212
PKP3,0.0841,7.121,5.5826,4.9896
GSTP1,9.9459,10.2682,9.3688,8.0283
MALL,0.4114,6.0132,2.5632,0.2388
TSTD1,0.6323,6.4658,6.3016,0.3448
MEST,1.6041,5.8938,4.6786,5.5616
CORO1A,1.7093,3.126,0.6135,2.0976
IRAG2,0.0,0.2141,0.0,0.0
MYEOV,4.6094,4.6299,2.9355,5.6115
HLA-DPB1,2.4463,0.0144,0.0,0.9928
IER3,6.4328,5.5059,8.2773,8.1339
GPNMB,9.0108,4.254,2.4356,2.1795
EGFR,2.2388,7.3164,3.6611,4.5747
TRIM29,0.0426,8.0748,6.3969,0.669
NQO1,9.7615,8.3746,11.3232,3.8156
TFPI,0.4114,0.251,6.3935,0.1243
TNFRSF12A,7.1546,6.4293,6.453,8.3426
JCHAIN,0.0841,0.0286,0.0144,0.0426
COL17A1,0.111,8.3383,0.5361,3.797
SULF2,0.2265,5.5774,0.1375,4.6496
SLC38A5,0.2265,5.3448,3.797,0.1375
IL18,0.2987,7.1554,5.1404,0.1763
CCL2,3.5826,0.7137,0.0,4.1276
LGALS3BP,8.2065,8.4183,6.2963,7.9669
EMP3,8.941,4.6999,3.5348,9.3136
MSN,8.4149,7.5475,6.9541,9.212
TPD52L1,6.1338,5.9179,7.5587,5.4832
G0S2,0.0704,0.4222,5.4195,5.8181
KRT80,0.4957,4.5771,5.3547,4.6467
TSPAN8,0.275,0.0286,0.8797,0.0
BCAM,1.144,8.7498,2.9449,3.926
LSR,3.7323,6.7182,6.8192,2.1953
CRIP2,6.0175,6.8183,2.0036,4.4963
SAA1,0.0426,0.903,1.8836,0.0286
CLDN3,0.251,3.0807,1.1635,0.3219
SPOCK1,2.6276,1.926,0.1243,4.6088
APOE,6.0477,4.4777,1.2388,3.359
DDX3Y,0.8156,5.6282,0.0,0.0144
QPRT,7.4833,2.4751,5.8686,3.1309
EHD2,4.7355,6.6978,4.9676,6.2048
EPHA2,0.8718,5.791,3.6519,4.9882
CADM1,6.3023,0.1506,0.0286,4.5367
H1-0,5.6135,7.5578,6.8774,8.1999
CD53,0.0286,0.4222,0.0,0.9709
HMGA2,4.0644,3.8904,0.0,8.6939
GTSF1,0.0,0.0566,7.7884,0.0704
ID1,2.9373,9.4273,7.8776,4.7398
LAMB2,6.1504,6.6751,7.1765,5.1363
CAPG,7.2428,7.3993,5.8917,8.8971
CD79A,0.1375,0.0426,0.0704,0.1763
SERPINA1,0.433,0.6781,5.8012,1.8992
H2AJ,6.9942,6.5337,5.7991,6.6887
AKR1B1,7.9508,8.0837,9.0455,7.6968
FAM20C,2.3074,5.1687,3.4263,2.7719
SERPINB5,0.0144,7.6739,4.2357,4.8649
SCG2,1.433,0.1243,2.1699,1.6182
PTGES,0.3785,6.7328,6.0361,6.1739
ANKRD1,0.0144,0.1243,0.0426,0.3785
PLS3,7.0938,7.4536,5.3999,5.9846
PLPP2,5.8647,5.3604,7.4701,5.9016
ANXA8L1,0.0144,6.8926,0.546,4.6837
MZB1,0.0144,0.2388,0.1506,0.0426
TUBA1A,8.1521,3.9212,0.1763,7.9476
CTSZ,6.8918,7.1223,6.9911,7.1633
PDZK1IP1,0.0426,0.0841,3.8032,0.4647
PTGR1,5.8347,6.1849,6.3549,4.9284
EDIL3,0.4647,4.511,0.1243,0.0
FSCN1,0.5361,8.1643,6.7836,6.0027
SNCA,7.5272,3.079,0.0286,0.0286
CST6,0.0426,0.2265,1.433,0.0
MT1L,3.9059,0.0426,1.257,5.9117
AMIGO2,1.2928,4.8258,2.9891,2.7655
FXYD5,8.9166,6.6737,11.0002,7.3496
PLOD2,6.0259,4.6112,5.4538,4.9602
STC2,0.7312,4.6949,5.2028,3.6053
CPA4,2.3391,3.3799,0.0144,4.8475
IL2RG,0.0426,0.3674,0.7137,0.0144
TNNT1,6.5351,6.8211,0.0841,7.126
FGFBP1,0.0,7.8971,4.8415,1.144
LOX,2.6135,3.1326,5.1566,2.546
MET,1.4803,5.6276,4.6276,4.6479
KLK6,0.3334,4.4343,1.8156,0.4854
MCAM,2.1953,3.0807,2.8115,7.4823
PDLIM4,6.6778,4.9435,2.7866,7.3049
HSPA1A,6.2252,6.4356,6.568,6.3074
MME,0.189,0.9928,0.0286,3.2525
NCAM1,4.2211,0.2265,0.0426,6.0624
CSAG1,6.578,0.0976,6.6333,0.0426
FHL2,6.6272,4.7745,4.4594,8.4724
MMP1,3.272,8.1689,0.0,0.4222
BACE2,8.1105,3.4343,4.0968,6.5092
EIF1AY,1.0426,0.0144,0.0,0.0
CD79B,0.0704,0.189,0.0286,0.1243
MAP1B,2.3813,0.433,0.0144,6.5207
P3H2,4.7751,5.0496,2.6112,0.4005
LEF1,5.9074,0.84,0.0286,1.8797
ERBB3,6.3313,5.1252,5.5589,1.7908
MYH14,2.4854,6.1223,5.5426,3.5886
KIF1A,0.0566,0.4436,0.0,0.1243
EPS8L2,0.696,7.0137,5.3345,5.4502
LUM,1.1699,6.102,0.0,0.4114
TFF3,0.0704,0.0426,3.3688,0.0
OSMR,4.1603,5.3635,5.6528,6.406
GAL,0.0976,1.4647,7.6452,0.4957
DSG2,5.0387,5.9837,5.7027,5.5011
CDA,0.2016,4.0755,5.5613,9.2625
YAP1,6.6242,6.8716,5.9217,5.8834
LAMA4,5.2987,0.1635,0.1506,0.189
SDC4,5.4906,7.2585,5.684,6.0721
CD68,2.5236,3.905,1.757,7.2925
SEMA3C,5.9381,4.9059,4.6893,2.991
BCAT1,0.3219,4.3023,0.0,6.0175
KRT15,2.359,6.1574,1.5261,2.3161
FLNC,0.0841,2.269,0.0144,6.4861
TIMP2,8.3123,7.2541,4.251,7.4004
CD48,0.1243,0.0144,0.0,0.3334
KIRREL1,6.1212,4.5674,3.2675,5.3823
CD52,0.0,0.3896,0.0286,0.0704
FHL1,2.9505,1.9336,1.852,4.4673
CEACAM6,0.0286,0.1375,6.4634,0.0
MRC2,2.266,5.4118,3.3827,1.1043
MAGEA12,6.283,0.0286,5.5163,0.0144
MPZL2,0.111,5.9093,5.8934,1.7398
BEX4,3.0531,0.0426,0.0,4.0815
PERP,5.2403,7.1002,4.9093,5.7803
ITGA5,5.5771,3.855,4.3349,7.4398
TPM1,6.0159,5.2861,5.3045,8.349
ANXA2,10.6984,10.0408,8.6279,11.1631
JUP,3.3031,8.3776,6.9796,5.2902
LRATD2,5.3452,4.9819,5.1177,2.8074
SNCG,0.263,5.5768,7.6905,1.1309
GPX8,5.5484,4.4289,5.4376,5.1926
SLFN11,4.3052,0.0704,0.0286,3.8217
TCEAL9,6.7185,6.4185,4.7247,6.868
TMEM98,4.3597,4.6118,1.2079,4.3505
MGP,0.8074,0.111,0.0704,0.2987
LAMB1,6.5905,6.3639,1.8953,6.5021
SLC2A3,3.7527,2.2079,0.0286,5.9047
LOXL1,0.5059,1.406,1.2265,8.8913
CDCP1,5.3782,4.7501,3.557,8.2202
SRPX,7.2406,0.3219,0.0286,6.2572
IGF2,0.0841,4.9662,0.0286,0.0841
MFAP2,4.079,5.3736,3.8885,4.2772
TMSB15A,1.3334,0.0426,0.0,3.497
PMP22,7.5174,1.8718,4.4874,4.5279
MAGED4B,0.8718,3.6927,0.0,3.4249
AKR1B10,0.3103,4.6571,6.0559,1.3561
EPB41L3,7.15,0.1243,0.0144,5.5765
IFI44,5.2411,4.101,0.3448,0.2016
MAGEA4,0.0,0.0144,7.3393,0.0841
PMEPA1,3.0108,3.8758,4.7382,4.7761
COL18A1,3.6758,3.98,3.0909,2.6159
ERRFI1,3.7323,5.6614,5.5934,7.6643
ATP2A3,1.269,4.342,3.3089,0.4957
QPCT,8.3462,1.5008,0.4854,0.1375
PLBD1,0.0426,3.0993,6.3516,0.0
ITGB5,6.6736,4.6496,5.4886,8.3501
TNS4,0.0566,6.2772,4.1579,6.433
NCKAP1L,0.0144,0.0286,0.0,0.1243
PHLDA2,7.4975,4.8334,4.4168,3.7192
LY6K,0.0426,6.312,4.7608,5.8535
FXYD6,2.441,1.5311,0.0566,1.6915
PYGL,2.211,7.2506,6.6327,5.4456
LAMA3,0.6781,5.3604,4.712,4.5173
LINC03061,0.0704,6.4591,2.1538,2.8856
AQP3,0.2016,8.5016,7.6358,0.6323
GSTM1,0.0286,0.1243,3.5814,0.4542
NRN1,5.3409,0.111,0.0144,4.9045
TRIM22,0.3674,1.2079,0.1243,5.9725
AMOTL2,5.2327,5.7774,4.1185,5.4057
WWTR1,6.8137,4.7436,4.1085,6.9687
TRBC2,0.0144,0.0144,0.0,8.4096
PTPRCAP,0.4005,0.0,0.0,0.2869
SLC16A3,5.8982,6.1344,7.0911,6.8239
RAMP1,0.0704,0.2141,5.1264,4.1293
RGS4,0.0426,0.3785,0.0144,0.0426
KRT14,0.9336,9.6404,0.0144,0.275
PRSS22,0.0976,3.6971,3.1489,0.275
SELENBP1,0.0286,0.4854,6.1729,2.9355
CDC42EP1,1.0356,6.575,5.7043,6.7533
FAT1,4.6058,6.9166,2.0496,5.26
AKAP12,5.0365,3.4383,0.0286,5.2304
AEBP1,4.3964,0.6599,0.0426,1.5993
MFNG,0.0,3.6334,2.2388,0.926
CDH11,0.0976,0.0,0.0144,6.3808
TESC,0.189,0.0426,7.5823,0.0286
IRF6,1.4854,6.3171,4.5874,0.4751
TMPRSS4,0.0144,6.0433,0.189,0.0
NRP1,1.3561,4.9704,3.925,7.8082
CHGA,0.1763,4.4963,0.0426,0.0841
TXLNGY,0.848,0.0,0.0,0.0
MISP,0.0566,4.843,6.6745,2.1077
LDOC1,2.3618,5.6631,0.0,0.0144
RAB32,7.0734,3.9782,3.1309,4.7415
FABP5,6.8564,3.5059,7.0206,7.8683
GAS6,1.0,6.0369,1.111,8.5607
GRB7,0.2388,4.3533,2.9203,1.0909
ANPEP,0.3896,0.84,0.0566,6.9467
BMP4,1.2869,4.3632,0.0566,2.0036
ITGA4,3.7181,0.0704,0.0,1.7093
LSP1,0.7991,2.101,0.2265,3.2645
PLIN2,6.6712,0.8237,5.8384,5.757
PTPN7,0.0,0.1506,0.0144,0.0144
TNFSF10,0.1635,5.3992,4.9732,4.1069
ICAM1,6.3001,3.8268,5.9846,4.0849
PHLDA1,7.3493,5.2791,3.4828,6.4563
MSLN,0.0144,4.904,7.985,0.0286
CSTA,0.2265,7.3753,4.3764,0.0144
BGN,0.1243,3.6814,0.0286,0.3103
ARHGAP29,0.5059,5.3813,4.6702,7.3167
LIMCH1,0.4114,0.2265,6.1912,1.1763
GNG12,7.735,4.7479,4.9246,6.7452
TP53I11,0.1763,5.6473,5.5163,1.5311
CKMT1B,3.99,5.7035,5.9215,2.3161
NMU,0.0286,6.5902,0.0704,3.0755
DCBLD2,6.7596,4.7285,2.0875,9.1456
TGFB2,2.4141,1.1763,4.0453,0.9184
NREP,3.0179,0.2388,3.3074,5.2946
ANTXR1,4.0976,3.3757,2.4249,5.7592
PDLIM1,5.0583,8.7965,6.2643,8.018
HOXA9,0.111,5.2813,1.6508,4.2472
SDC1,5.6814,7.6337,4.1875,7.9339
KRT13,0.0,9.4099,1.9782,0.0566
GPX3,0.251,0.4222,6.1801,2.281
CKMT1A,2.433,7.0803,5.3954,2.2016
PLEK2,0.4005,5.0832,2.8258,5.6441
CRIM1,2.8875,4.9117,3.8924,4.4376
SERPINB2,0.0704,5.3951,0.0144,0.0144
BEX2,2.0321,0.757,0.5945,4.2839
FST,3.8186,3.7592,0.0,2.2928
KCNMA1,1.5361,0.2388,0.0,7.0382
FBN1,2.0215,0.3785,3.2357,2.406
PYCARD,4.2102,6.3445,1.0566,2.7334
MAGEA2,5.4509,0.0286,5.6795,5.5122
COL9A3,4.5211,4.4692,5.0561,0.516
IL1B,0.275,3.1651,0.1635,2.3505
APP,8.265,8.3674,7.7477,9.0305
SFRP1,6.887,0.4542,0.0,3.6915
LYZ,0.7908,0.0144,0.0144,0.3448
CTSH,6.238,9.8462,4.8171,5.5024
PTPRC,0.0144,0.1243,0.0144,0.0286
WLS,6.4765,5.8654,0.2987,5.4912
PLTP,6.4077,7.2585,7.4925,5.5999
AHNAK,6.7097,7.9853,4.5607,7.9048
MACROH2A2,0.1506,5.1795,0.0144,4.0993
SELENOM,3.3089,1.848,7.0625,5.9941
FGFR1,5.998,1.3045,1.2449,6.3614
POU2AF1,0.0426,0.1635,0.0,0.1635
CRMP1,1.4854,2.6531,0.0426,3.2016
PRSS3,0.1375,5.925,0.1243,7.4852
OLFM1,0.3448,0.4751,4.9635,0.1635
NID1,3.1243,5.1579,0.0,2.5211
ALDH7A1,6.254,6.7553,5.4353,6.3505
NRP2,6.8479,3.8268,4.4026,8.5786
MST1R,0.263,5.2913,4.6988,0.5261
ARHGAP4,1.5008,2.8053,0.516,6.8909
PLAAT4,0.585,5.2994,1.433,2.9392
IGLC2,0.0,0.0,0.0,0.0
CD37,1.511,0.3561,1.1243,1.2987
GABRE,0.0566,7.04,0.0,5.463
KYNU,4.4764,1.6781,6.3782,0.1375
BMP7,1.5801,7.1963,0.0,0.6599
PLAAT3,1.7485,6.5322,1.1375,3.8369
PCSK1N,0.5753,2.144,0.0,3.5558
HLA-C,4.6076,3.1667,3.7991,7.2631
INPP5D,0.0704,3.06,0.0426,1.269
IKZF1,0.0286,0.0,0.0,1.275
MICAL2,4.9355,3.6381,4.2713,9.4881
CBS,2.3951,4.7043,6.7256,2.8115
TUBA4A,3.8053,7.0717,5.8099,6.3903
APLP1,2.4249,3.121,0.251,2.8379
EVA1A,5.8512,1.3277,0.0841,5.6636
CLEC11A,5.4216,1.6415,0.0,6.9549
SNAI2,6.5073,5.2861,0.0286,5.8248
APOL1,2.9579,1.3505,0.8718,4.4535
GPRC5C,0.2141,5.3151,3.9946,3.8914
GLUL,6.1256,6.5972,6.5764,8.341
RND3,5.7266,5.3975,4.4874,5.6943
DOCK2,0.5656,0.0,0.0,1.3785
VGF,4.8268,1.8074,0.0704,3.8856
CSAG3,4.9107,0.3448,5.8797,5.9215
CTHRC1,6.2153,1.0704,4.4114,5.8222
NDRG1,6.3194,7.2148,4.7892,7.1037
CCND2,0.0,0.0286,0.0,4.6622
RCSD1,0.0,0.0704,0.0144,1.5945
IRF4,5.3226,0.0144,0.0144,0.0704
FOSB,0.9561,7.1333,2.5656,0.8718
SGK1,7.6013,2.3757,3.8032,4.7798
FADS2,4.6531,3.144,7.3624,4.7252
SPART,6.1985,5.7353,0.0,4.9695
TCF4,2.0179,1.6508,0.0,3.1827
CEP15,7.555,4.3611,0.0144,4.6082
CDH13,1.669,6.3521,0.0,7.4178
APBB1IP,1.3103,0.0,0.2016,0.2016
ETS1,6.4545,4.9136,2.6064,5.0475
TUBB3,7.3491,4.4383,4.1779,7.185
ANXA6,8.3155,0.5753,5.3377,6.7505
HOXB2,4.9878,2.9392,0.0,5.6459
ADM,4.9741,4.5179,1.9298,1.9449
S100A8,0.0,2.9873,1.6135,0.0426
CA2,0.0286,8.7563,0.1763,0.4751
PTPN6,0.2141,5.6375,3.3074,0.1635
MX1,4.1993,1.9928,1.1243,3.9486
FBLIM1,2.1309,5.2464,4.0815,5.4561
WFDC21P,0.1243,1.6369,3.7247,5.151
TGFA,0.4854,5.1961,3.1424,5.0879
NRG1,0.1243,6.6056,0.0,0.696
IL6,0.0841,0.5558,3.841,0.546
SYK,0.6871,4.0618,0.263,0.84
TAGLN,1.2987,2.3363,3.0909,5.2627
MYEF2,6.6144,0.1506,0.0,4.3667
WIPF1,6.3507,2.1309,4.4983,4.3723
LIF,1.1953,3.6334,0.4854,4.0764
LAPTM4B,6.6992,8.4246,7.7249,7.0424
ICA1,2.8895,3.228,5.2998,3.116
F2RL1,1.1953,3.9955,1.384,5.054
DAB2,5.1759,0.696,0.0144,3.9298
SERPINH1,7.1924,7.6085,6.4336,5.797
ALDH2,0.1763,5.7743,6.3049,5.6966
PAX8-AS1,0.275,5.537,3.9864,5.463
CD40,4.1367,1.1635,0.0,3.774
CA12,0.0976,0.3103,4.5292,4.9217
PROCR,5.6415,6.2489,5.6946,6.6827
MDFI,0.0976,5.2091,4.1102,2.3702
PHLDA3,2.101,6.0551,0.856,7.1074
ACSL5,0.1763,0.111,3.7645,0.6871
FBXO17,4.3723,4.6082,3.9745,5.302
GNG2,5.2946,0.3103,0.0,1.903
NLRP2,0.0426,0.0976,5.6168,0.0
ADAMTS1,3.8629,2.6508,1.4751,1.0
OCIAD2,4.1375,6.2566,5.5922,0.1635
COL8A1,2.06,1.0426,1.4699,0.3334
S100A1,7.7888,1.3045,2.5059,1.0635
ITM2A,0.251,0.0,0.0286,0.111
ROBO1,5.7339,5.1835,2.433,0.0566
ZSCAN18,0.2388,0.0426,0.0,0.0
RCN3,7.0962,1.9672,7.7203,5.2547
MUC1,0.8319,3.5173,8.4771,4.0027
SNHG14,3.3505,2.5583,0.0704,4.3688
PPL,0.263,6.3172,3.6588,1.5705
LINC02802,2.8699,0.3785,0.1243,7.9022
FRMD6,4.6094,5.9179,0.4222,5.3012
NRCAM,5.0378,0.4114,0.0286,0.111
BCYRN1,9.5426,6.8977,7.436,7.306
MMP7,0.111,2.1077,0.0,0.0144
STEAP1,4.126,2.2418,2.6713,2.742
CD22,2.4114,2.0976,0.926,1.2449
IFI6,6.8335,3.1587,0.3561,5.5339
HOXC10,4.6082,5.8053,6.1016,4.8089
DHRS3,6.3821,5.7334,5.359,4.7602
KLF5,1.7049,7.9448,5.4715,2.4725
ZEB2,5.9505,0.0704,0.0144,4.238
TES,5.4443,6.4782,5.6519,5.7029
CES1,0.2388,0.0286,8.8901,3.5361
PI3,0.0566,1.511,0.546,0.111
INHBA,0.0426,3.5922,0.0704,5.0635
CST3,7.818,7.2195,7.1702,7.9845
MSC,3.5435,0.433,0.5059,0.0
AHNAK2,0.2987,5.8432,2.4568,6.7779
DUSP4,6.6584,1.7613,5.8053,4.7751
CRB3,0.111,5.1611,5.155,1.7137
NES,6.971,2.9088,1.3045,4.5361
RPL39L,6.943,5.2898,5.7827,6.7053
FEZ1,2.2869,2.6276,0.1506,4.9425
OAS2,5.7506,1.9298,1.8278,3.6656
OAS1,4.5217,2.9107,5.1997,3.8689
NTN4,0.3785,3.5838,4.3611,6.2257
C1R,2.5311,4.6769,1.2449,5.1735
ESRP2,0.4957,5.6305,5.1675,0.2265
CTSS,2.4303,2.6508,2.4751,0.2388
CREB3L1,0.1635,0.3561,7.9338,4.5521
UPP1,6.9093,5.3837,4.862,3.6381
GNG4,2.541,4.2234,0.7225,3.3674
IGF2BP2,6.0667,4.4673,0.0144,6.4678
SLC17A9,0.0426,0.2869,3.4568,0.0144
PROM2,0.0286,3.9514,6.3315,2.7761
IRX2-DT,3.1144,6.7778,0.0,0.0
ADGRF1,0.0,3.7115,0.1375,0.0
FERMT3,0.9782,1.8914,0.8797,1.0215
EPAS1,1.9819,5.5385,6.0785,4.9449
ANO1,1.1763,6.4731,0.2016,2.757
ACTA2,1.0215,3.8156,0.0566,5.2483
EREG,0.0426,3.1506,0.4222,0.0
CHGB,0.0286,0.6415,0.0,1.269
CKB,4.5292,6.3908,5.6485,4.6182
PPIC,4.8782,4.6713,6.6384,4.269
HLA-F,4.7602,4.0993,3.2357,5.3056
BCHE,6.1795,0.0566,0.0,0.0286
GALNT3,2.9873,5.9465,6.327,0.0286
SERINC2,3.4529,5.855,5.0299,3.7355
EPDR1,5.2456,0.189,0.0144,5.6949
PTK7,4.9079,5.8197,3.0461,3.7323
PFN2,4.774,7.1952,6.1185,8.2752
SMARCA1,5.5494,6.134,6.0208,5.0535
C1QL1,2.8053,2.406,0.1243,4.1027
UCP2,3.7897,1.373,7.1448,3.4867
ELMO1,4.6223,0.111,0.0144,2.1985
CTAG2,0.3448,0.0,6.9372,8.2133
BAMBI,6.8711,2.0426,4.0505,2.8934
ACKR3,0.0,5.7043,0.0,4.5619
ITGB2,0.0976,1.3674,0.2016,0.0841
EGR1,2.4168,7.5743,5.3628,2.3016
LAMA5,2.7991,8.7789,5.9632,2.2141
MAP4K1,0.3334,3.7049,0.189,0.3896
HSPB8,5.2456,2.254,1.263,6.0448
SERPINB1,1.3334,4.5789,5.5011,5.3323
CYFIP2,2.5656,0.2869,1.3448,4.3176
KCNN4,6.031,4.9402,4.975,4.6798
CYBRD1,5.4459,5.9378,1.3618,5.098
CLIC3,0.0841,5.0596,2.1922,3.511
PTN,0.5261,0.0144,0.0,2.319
NBL1,8.1129,6.2424,4.3023,4.6932
TUBB6,7.704,6.8667,4.6282,7.7535
B4GALNT4,0.6041,3.6415,3.8074,4.4443
JAM3,4.1747,1.2869,0.3674,4.4919
ARMCX2,1.7093,0.1506,0.111,5.9336
CYP1B1,0.0286,3.1538,5.7134,0.3219
CYP24A1,0.3561,4.7729,0.7137,0.1763
MYB,2.3674,0.5558,0.4436,0.263
SASH3,0.0,0.0,0.0,0.0144
SOX2,1.5509,3.3291,0.0,0.0144
NIBAN2,7.4344,7.134,5.9697,7.5438
XAF1,4.0959,0.6323,0.1763,3.6194
PCDH1,2.9819,4.3792,3.4155,2.797
HLA-DQA1,0.0426,0.0286,0.0,0.0
UNC13D,0.546,6.5229,4.2001,1.0841
CMBL,3.5173,6.1755,6.1012,5.6913
STRA6,0.3219,0.275,1.8679,2.1408
MATN2,1.9486,5.9284,2.7268,3.4828
PTPRF,4.7735,6.5801,6.4525,9.272
MXRA7,4.9986,6.6427,2.9598,7.0819
GPC1,5.202,7.546,4.7634,4.8856
GJB3,0.0144,5.7721,1.8197,4.354
C1S,0.433,3.2141,3.0993,5.2563
TSPAN7,5.9231,2.1859,0.0,0.926
TMEM30B,0.0286,5.2133,3.1875,0.0
KLK10,0.0286,7.5174,0.6508,0.4222
INA,0.433,0.1635,0.0,0.0
BIRC3,0.1635,1.7137,2.189,0.4542
PPARG,0.189,0.8156,4.4175,2.4854
TSPAN13,3.1619,6.7671,7.0249,1.2016
ID3,5.9796,7.1707,7.9366,4.439
ITGA6,6.7233,7.7794,3.3937,7.5492
ADGRL2,4.9486,4.6363,0.0286,0.0841
GRHL2,0.0286,5.4336,4.5429,0.0
STMN3,3.7181,6.784,0.251,4.6058
TMSB4XP8,0.0,0.0,0.0,0.0
CAMK2N1,4.1882,5.0365,2.189,7.7085
IQANK1,0.848,4.9093,5.1934,1.263
EMB,1.2016,4.9667,0.0,0.0286
TRIP6,5.278,7.3784,6.0477,7.4205
PRSS21,0.0,0.0144,4.6427,4.2593
LAYN,0.0566,0.0566,0.0,3.3964
MIAT,0.111,0.3334,0.0566,1.9709
PODXL2,5.4502,0.6415,5.9406,6.1491
CNRIP1,5.1977,0.0144,0.0,5.0626
CPVL,3.9165,0.4647,0.0286,4.2713
COCH,0.3219,5.2913,1.9891,5.1416
SIRPA,6.2462,0.4751,5.1859,5.0041
IGFL2-AS1,0.903,5.7323,0.0144,2.3533
ICAM2,0.0,0.2016,0.7908,0.4436
USP32P1,0.3219,0.9635,0.2265,5.1843
MYO1G,0.0144,0.3674,0.0426,0.0976
TMSB4X,5.8405,9.0923,9.9543,11.8208
HDGFL3,5.6812,6.0961,0.0704,5.6548
THY1-AS1,0.1506,0.1243,0.0144,4.6159
PTHLH,0.2141,5.2437,0.0,4.8227
TWIST1,4.9307,3.2296,0.0,0.0
PMEL,9.9772,2.848,1.3334,1.0496
CD82,5.0592,6.5709,4.8197,5.6496
GATA3,0.251,4.7939,0.433,1.5753
SV2A,3.856,3.9598,0.0286,3.1077
DUSP6,5.9948,4.7082,2.5898,3.7581
PHLDB2,1.7782,5.1416,4.8288,8.5867
HNMT,0.7485,0.0426,2.5059,0.4854
RHOH,0.0,0.0144,1.3277,0.0566
CRABP1,0.0426,0.0566,0.0426,0.0566
FOXA1,0.0566,5.0483,5.7578,0.251
TCL1A,0.0,0.0,0.0704,0.0144
ADGRG6,4.5735,4.8364,4.2891,0.275
IGF2BP1,2.0321,2.025,0.0,4.5638
SOX9,1.3618,2.969,3.4816,5.6588
TRIB2,6.6748,1.5311,0.2141,4.5735
MX2,5.5005,1.1506,3.8043,2.8359
RAI14,5.2157,4.7655,4.4121,6.3279
FLI1,0.111,0.0841,0.0,3.8319
CFH,0.0286,3.3771,0.0,0.0286
CEACAM5,0.0286,0.275,2.757,0.0
THBS2,4.5404,0.3334,0.0,0.189
SPN,0.0426,0.3674,0.0,0.0976
LY6E,8.2181,8.9989,7.844,7.7495
HPGD,2.3618,6.516,0.4222,0.0
RGL3,2.7093,3.5814,0.7398,0.0566
VAMP5,6.1631,1.4005,1.4594,5.7842
ATP1B1,4.1424,3.8728,7.517,5.8094
DTX1,1.8914,0.2141,1.3045,0.2388
S100B,7.8784,0.0,0.0566,0.0144
P3H3,4.7175,4.9088,4.3639,5.0108
CCDC9B,1.0,3.497,3.373,5.2876
PSMB9,4.9069,2.7442,1.5801,5.738
LDHB,9.9946,9.0668,8.7671,9.5918
GNG11,5.8723,0.5753,0.0,0.2388
LINC00958,0.0,0.6871,6.1985,4.3384
LBH,1.3618,3.8826,0.0,5.8485
MGLL,1.144,4.682,4.7054,6.5587
ADD2,0.0704,3.1699,0.0,5.6531
MYO1B,5.6673,7.4108,5.0764,5.5195
BCL2A1,7.5151,0.0286,0.0144,0.0841
HLA-DQB1,1.9598,0.0,0.0,0.0144
SYTL2,7.4289,0.9928,0.4005,5.6424
GULP1,5.68,4.144,4.1562,0.263
APOD,5.266,3.1619,0.0286,0.0426
ARL4C,3.3757,4.272,0.0,7.4605
GALNT14,0.0,1.6645,0.0,4.903
TGFB1I1,5.4565,5.5786,0.1635,5.8701
RAB13,6.7301,7.1278,7.0183,7.8313
RAB17,4.0435,0.4542,3.9982,0.2141
SCG5,0.4647,1.4854,0.4647,1.1635
TBX3,2.4033,1.9891,0.0,4.5527
IFI44L,1.1635,1.5801,0.0144,0.111
MS4A1,0.0,0.0,0.0,0.0144
NPAS2,6.4621,1.5509,5.432,6.09
DLC1,5.2075,0.8237,0.0,2.0286
LAT2,0.848,2.0841,0.5361,0.8074
NUDT4P2,6.4163,4.2563,3.6949,5.0161
CD109,6.8344,5.2566,3.0959,5.9105
IRF8,0.0,0.1243,0.0,0.0976
DDR2,4.8283,0.2016,0.4751,3.2048
EVPL,0.0426,5.2917,3.3391,0.0144
FAM83H,3.717,6.7481,5.7957,4.4012
ARHGAP30,0.0566,1.0286,0.2141,3.4476
FKBP9,5.8174,7.171,6.0056,6.6063
HSH2D,0.0144,1.7782,0.433,0.1243
RNA5-8SN3,4.7549,7.3522,8.1116,5.6296
ALOX5AP,0.0704,0.2869,0.0,1.3618
NPNT,0.0566,4.0917,2.905,0.0704
FCRLA,3.5558,0.0,0.0,2.1276
CASP1,7.4022,3.3618,4.1562,1.6229
PKP1,0.0,6.801,4.95,0.0
PTX3,0.1243,0.1635,0.0,1.5607
F2R,4.2071,2.6938,0.0,5.0237
TRPV2,6.9683,0.6135,0.0426,0.5753
ECM1,6.9638,3.3576,1.3951,5.2604
DUSP23,5.4259,0.0704,5.2498,5.6212
ID2,4.5298,5.0695,3.3923,2.9928
KCNG1,4.1538,4.8227,0.0,5.1502
MYO10,6.1761,7.0771,4.7549,3.5789
VAV1,0.0,0.2869,2.3016,4.3604
ZNF667-AS1,0.1243,0.0566,0.0,0.0144
SERPINB6,5.0896,5.7684,6.8025,7.1056
AZGP1,1.5705,0.5059,1.2203,0.774
PDGFC,0.4222,3.6182,0.0,3.8053
TMEM45B,0.0566,4.1827,4.842,0.0566
CLMP,0.9635,3.3001,6.1239,5.9486
RNA5-8SN2,4.7549,7.3522,8.1116,5.6296
RAB31,5.4429,4.4899,5.5075,7.4286
PCSK9,0.0286,1.1953,7.2697,0.0144
MFAP4,0.1243,0.757,0.2141,0.2141
MIA,6.4214,0.2388,0.4647,2.1795
HSPB1,9.7421,10.2447,5.649,10.3111
FGFR2,0.0566,5.7671,0.0,1.275
SELENOP,0.0286,2.254,3.9551,0.9635
GLIPR1,1.0072,0.9184,0.2987,1.5898
STC1,0.0286,0.1635,2.0426,5.3988
KIFC3,6.7995,5.0277,5.2513,6.2428
BTK,0.1763,0.3785,0.0,0.0144
KCNK1,0.0426,4.7495,5.4439,3.5644
TFF1,0.0,0.0286,7.2367,0.0
TNFRSF14,7.3086,2.9561,1.251,3.903
S100A13,7.0654,7.0095,7.1597,7.9657
ST6GAL1,5.8866,0.251,3.8288,2.1309
FAM83A,0.0,7.2358,7.5001,5.432
PARVB,7.3223,4.2319,5.4854,5.527
LINC00665,0.696,0.696,2.3757,0.0976
MYO1E,6.5116,6.7643,5.4356,8.4982
AUTS2,4.5783,5.5379,0.0,5.1297
PPP1R1B,0.0976,1.6599,0.9336,0.3219
CAPN2,7.7843,7.4565,6.6256,8.7316
PSMB8,6.3752,4.7109,4.2196,6.2959
CBLC,0.0704,4.488,4.858,0.0
DCN,1.5008,6.9791,0.0,0.3219
KLK5,0.0,2.1985,5.6285,0.0286
MIR100HG,2.0108,1.2928,2.8914,1.3334
SAMD11,0.1635,3.1875,4.6899,2.1859
LIMD2,5.575,4.354,1.6508,3.2373
PALM,2.0286,5.3413,5.4954,2.144
ARHGAP8,0.0566,5.0892,3.848,0.2141
TRO,3.1227,0.0841,0.0144,2.4436
LGALS9,0.1375,1.516,0.8237,0.516
FYN,6.0063,3.3291,0.0144,4.5975
SNAP25,0.1635,0.2388,3.5385,1.3951
WAS,0.9486,0.8875,0.5753,0.3674
HTATIP2,6.5708,6.0538,7.7516,6.1853
PBX1,0.0144,4.6513,2.6323,4.1819
NELL2,0.263,1.257,0.0976,2.6982
CHI3L1,0.0,0.2016,0.0144,0.0426
DUXAP10,4.09,4.696,3.7115,7.1461
LMNA,9.7371,8.5327,8.265,9.3158
RPL39P3,10.088,9.5834,10.205,9.6878
TXNIP,5.4864,6.9064,6.8995,7.8379
COL4A5,0.0976,4.7835,2.585,3.272
GPX7,0.0144,0.111,0.5656,1.9855
PKP2,0.0566,4.8032,2.8379,0.6871
GSN,8.6007,6.6959,5.9107,9.0597
CSF1,0.6041,1.7398,2.8359,6.0868
CARD11,0.0144,4.4983,0.0,2.1276
WNT5A,2.729,0.1375,1.263,4.765
RFTN1,2.5583,0.4854,0.669,4.3944
SERPINA3,0.7398,0.0144,1.6915,0.1763
RNU4-2,0.0,3.4449,4.4209,0.0
POPDC3,5.2623,2.4383,4.785,4.0678
PLEK,0.111,0.0,0.0,0.0976
SNHG18,4.6921,0.1635,5.5157,3.1619
SGCE,4.2994,0.2141,0.0426,5.5214
KRT8P3,0.0566,1.1827,0.8953,1.6781
PRRX1,7.489,0.0144,0.0,0.1635
MAGEA2B,4.2188,0.0144,3.9579,3.8197
DNAJA4,2.7268,6.0858,4.0197,4.2502
KLK8,0.1375,6.8263,3.8012,0.1375
LARP6,4.2487,5.6479,0.0,7.077
COL7A1,1.9107,5.9639,2.6531,6.6036
NR2F1,3.4515,1.9069,0.263,0.251
TENM3,2.943,3.6982,0.0,2.0704
TMEM158,3.8728,0.8237,0.2016,7.1808
SYT11,2.9203,0.1375,0.0,3.5644
LINC00511,5.3716,5.3875,2.5008,5.111
TMEM139,0.585,1.7004,3.8934,0.4005
NR2F2,4.6932,4.4449,4.2149,4.3716
CD99,7.8714,7.4851,7.3852,6.8815
INSM1,0.0144,0.9709,0.0,0.2388
NPDC1,4.926,6.5214,6.7538,0.2016
PAGE5,0.1243,0.0,0.0,7.5941
SCARA3,0.0704,5.6938,2.2172,4.281
SQOR,5.9479,4.3583,6.4118,4.5354
MEIS3,4.033,4.4653,0.7485,3.2342
RGS16,0.111,0.2987,3.9982,2.0531
IGLC3,0.0,0.0,0.0,0.0426
PRDX2,8.0456,8.3459,8.397,2.6599
MYLK,1.7527,0.9561,2.1473,5.9853
NOTCH3,0.1243,5.3009,3.3205,0.848
APOC1,0.9184,2.9653,2.1795,2.7803
C6orf141,0.189,2.5435,1.4957,2.4141
SH2D4A,1.2141,4.8924,4.6999,3.9069
GNA15,0.0144,4.4594,1.257,0.1763
FBXO2,2.7442,3.3771,6.3723,4.706
ASPH,6.1615,6.0557,8.2037,7.4665
RTL8C,6.4914,4.9174,5.898,6.7938
PTGFRN,5.6628,5.3183,5.3799,5.7178
DDC,0.0286,0.6323,0.8156,0.4222
INAVA,0.0976,5.4057,2.319,0.2265
WNT7B,0.0286,5.4806,4.5534,3.1522
CALB2,0.2987,0.0426,0.1635,6.563
CSRP2,6.6796,4.7501,4.8919,3.5898
CELF2,6.4612,0.0144,0.0,2.5084
MAP2,4.7522,2.9964,1.2079,0.2265
LPXN,7.3044,1.7613,2.157,1.7949
MAP1LC3A,1.406,1.0496,3.5135,2.797
RUNX3,5.9609,3.144,0.0841,4.5014
ISG15,3.8012,6.3757,4.7463,5.9329
MARCKS,6.3349,5.5229,0.7824,5.1198
SLC1A3,0.4854,8.2133,4.6809,4.1416
ITGB3,5.3345,0.275,0.0144,3.9928
PCDHGC3,6.6561,3.4919,1.7991,6.2703
GATA2,0.3674,4.3226,4.2965,3.1359
SCRN1,6.5762,6.8167,0.0841,6.8152
ABLIM3,4.7745,1.3334,1.7991,5.7442
HOXB6,3.8924,1.9523,1.7485,4.8354
HOXB9,1.3448,1.3505,0.0,4.295
PRTFDC1,0.0,4.0045,4.2578,3.9001
PTPRM,4.942,0.0704,5.712,4.7777
HES4,2.9709,4.985,6.8911,3.3234
DAPK1,3.7181,3.1554,0.1243,3.6041
ARHGAP15,1.8359,0.0,0.0286,0.0566
KRT16,0.1763,4.9759,2.1408,0.2016
C1orf116,0.111,5.76,3.1177,2.9616
CPT1C,2.275,2.8217,1.6229,4.5423
FCGRT,1.373,5.3782,2.9964,3.4555
APOBEC3B,6.0,5.8926,0.5753,5.3885
DZIP1,4.375,4.8344,1.4699,4.1969
EVL,2.0704,5.4555,2.8359,5.2157
CYTOR,6.2034,5.2765,3.4712,7.527
CFB,0.4005,2.06,5.0295,4.9402
POSTN,0.0144,0.1763,0.0,0.0144
GSTM2,3.557,0.9336,0.6871,5.0317
DDR1,5.0435,6.7051,5.5163,6.0481
SPEG,1.189,3.5185,0.0144,5.9098
DEFB1,0.0426,5.6085,2.2172,0.0
HKDC1,1.2141,0.585,0.585,1.2869
MEF2C,4.9174,0.7049,0.0144,1.1043
SEPTIN10,5.9732,5.7401,5.8037,7.0048
HLA-DRB5,0.0,0.0,0.0,0.0144
TSPYL5,0.0,2.3646,0.0,5.4634
TFAP2C,6.0596,5.4828,4.5198,1.4906
RNA5-8SN1,4.7549,7.3522,8.1116,5.6296
LXN,4.7485,3.433,0.0841,0.1375
MT1F,3.3349,4.5856,0.6599,1.6229
TPBG,3.3147,3.991,3.2327,4.1001
HEG1,2.8914,1.9782,0.1375,7.9978
SYDE1,5.1035,3.1985,4.7522,4.7219
HES1,5.2106,6.5951,5.546,1.9184
AKT3,5.2724,0.5945,0.0286,5.4611
DUXAP9,4.3716,4.8866,3.9955,7.2833
NEFL,0.3785,0.7398,0.0,6.3911
TFAP2A,5.6876,5.0639,5.033,4.607
VGLL1,0.0566,1.2265,0.1375,0.0144
PAPSS2,0.4436,4.8074,4.025,2.5084
CTSF,5.1485,2.1985,2.2141,5.7679
GDA,0.0566,6.3262,4.4429,0.0
CHMP4C,0.3219,4.2411,3.5311,0.433
NXN,2.991,6.4731,0.0286,0.9782
JAG2,0.3674,7.1335,4.8914,1.5361
ITGA2,2.7268,4.1473,1.669,3.4673
MYADM,3.1651,4.225,4.3038,5.9193
GLDC,5.0126,0.4222,0.1243,1.0704
PXDC1,4.9681,4.3653,3.7442,4.8748
DNER,0.7049,0.6415,5.5011,1.6554
ASCL1,0.0144,0.0566,0.0,0.1375
TMEM132A,1.2327,5.5653,4.4848,3.8084
TCIM,0.0,0.0426,6.7953,0.0
RBM47,0.3561,4.2071,5.142,1.6276
CACNG4,0.0286,5.5795,2.669,0.5261
PNMA2,0.275,0.251,0.0,1.5607
ALPP,0.0144,8.2593,1.5361,0.0286
CPNE7,2.8992,5.3882,1.111,2.2418
PTPRS,4.8555,6.4097,4.9435,5.2824
OBSL1,5.0453,5.6103,0.0704,6.1701
SYTL1,0.4436,5.4951,3.9069,1.9486
BATF,2.4699,0.1375,2.7225,0.0
PITX1,0.0286,5.6185,7.9057,5.649
HLA-DMB,2.1538,0.2016,0.0144,0.8074
ECHDC2,3.7687,6.1125,5.0548,5.7043
COL16A1,2.8094,5.3663,1.8718,3.9458
SLC6A8,6.9575,4.2242,5.2502,6.5944
RARRES2,0.0,1.3785,0.0841,2.7442
KRTCAP3,0.6323,6.0538,6.6356,1.5558
COTL1,8.2079,7.2468,7.4993,6.0613
ADAP1,0.4114,6.5024,5.5223,0.903
ST6GALNAC2,6.5612,6.7312,1.0704,1.2079
B3GNT3,0.0841,3.4502,3.5008,3.3561
EGFL7,4.1715,3.437,4.3702,2.5311
PLAUR,5.0862,4.1276,5.5759,6.8264
PHGDH,8.0712,8.0671,8.3225,6.6067
PAX8,0.0566,2.6392,1.2987,4.0391
TNFRSF6B,0.0,0.0,0.6508,0.0
SLAIN1,0.5261,2.0531,0.9107,2.4195
GPSM3,2.6253,2.0072,1.0909,5.6608
BMERB1,2.254,0.1763,2.3248,4.6346
TP63,0.0566,6.7623,0.2016,0.0144
AIF1L,2.269,5.2876,3.5236,0.111
PKDCC,0.7312,0.3219,0.2388,1.7312
SLC6A15,5.266,2.342,0.0,2.9355
LIPG,0.0286,0.189,1.1763,5.5689
SPINT1-AS1,1.1375,4.7565,5.1379,0.2869
WNT5B,0.0426,3.1827,0.0286,4.2334
GSDME,4.2032,2.4005,0.546,6.0279
APOBEC3G,0.2016,0.7485,0.0,5.2716
CTTN,7.5531,7.9695,7.4356,6.9875
KRT23,0.0841,0.84,0.0,0.0
ANO9,0.263,5.774,3.0303,0.0704
RASGRP2,0.0286,2.2449,0.0,0.6229
GRB10,5.4679,0.263,4.5416,5.811
CD276,7.5151,6.902,4.7735,5.6645
LLGL2,2.359,6.3181,5.4366,1.5705
MIR142HG,0.0,0.0144,0.0,1.4005
WNK2,3.2172,1.269,3.3377,1.0704
MUC13,0.0841,0.0144,0.0,0.6508
MAGI2-AS3,5.2399,0.0841,0.0,1.6826
GLB1L2,3.1811,0.1635,4.691,2.7866
COL11A1,0.1375,0.0,0.0,0.0144
MT1X,5.4162,5.6755,3.1408,3.926
IL13RA2,0.0976,0.1763,0.0,4.1177
GPRC5B,4.7698,1.4276,0.3219,3.4777
DPP4,0.2141,0.2869,0.0,0.6041
FERMT2,3.3391,4.3978,5.4509,5.1081
SCARNA22,0.0,5.0422,3.9307,4.8012
CXCL5,0.0,0.0144,2.2987,0.0
DPYSL5,0.0566,0.0566,0.0,0.2987
C6orf132,0.0,4.7618,3.2585,2.7137
DHRS2,0.84,2.2449,0.9782,9.2541
DNM1,1.4436,6.1041,1.3951,5.1424
MAP7,0.3896,4.4316,6.6352,1.6229
TGFBR2,4.6639,4.5242,2.1731,4.8515
PRR15,0.0144,1.4957,0.0,0.4114
CASP4,6.3359,5.2876,6.3975,5.1795
HOXD10,0.0841,5.6845,0.0,2.9764
ETV4,6.6761,4.2578,3.9873,5.406
TSPAN15,0.7485,5.3586,3.8349,6.1237
ACTN1,7.2294,7.2672,5.947,7.7141
VSIR,0.2141,5.9805,0.9486,2.7463
SPATS2L,7.0708,6.038,4.8227,6.4909
TMC4,0.5361,4.1961,4.645,0.5945
SMIM10L3,2.8237,4.5692,3.4777,4.1851
CALB1,0.0144,0.8953,0.0426,1.6229
EFHD1,0.3785,0.2141,4.2296,0.3103
COPZ2,1.0356,5.5289,3.3045,4.9959
SPANXA2,0.0,3.2079,0.0,0.2265
KDELR3,5.9706,5.9011,6.5254,4.6741
ITGB6,0.0286,4.6035,2.4383,0.1243
APCDD1L-DT,0.0286,1.3448,0.0,4.6741
SAA2,0.0566,0.1243,0.8156,0.0286
RN7SL2,11.8812,11.0982,12.0073,13.0207
TNS3,5.2772,5.98,3.3363,2.0496
CFI,0.1635,0.3561,0.1763,3.7082
HID1,0.111,4.7328,5.4825,0.275
SLC7A8,5.4496,6.746,0.5261,1.9672
RAB38,7.0821,5.1375,0.3674,0.0426
RBPMS,4.9602,5.5283,3.7623,3.7004
FBXO32,5.3406,2.5385,5.2612,5.7479
GPR87,0.0144,4.9828,0.0,0.0144
SPI1,0.0144,0.0976,0.0704,0.2987
STOM,6.0721,6.0208,6.7208,5.9857
AIF1,0.0,0.0286,0.0,0.0
MFGE8,7.8209,4.7981,0.189,7.1177
PPP1R14A,0.0704,0.0286,0.7225,1.2203
KCNQ2,0.0286,0.2388,0.0286,0.0
MYO5B,0.2987,4.4607,4.7021,4.634
HMCN1,4.5211,2.3132,0.0,0.2016
NCF4,0.0144,0.9107,0.0,0.0
SORL1,0.2265,5.7621,3.2585,1.2265
ATP1A3,0.4542,0.0,0.0144,0.516
SLFN13,2.5311,0.0841,1.0072,4.6554
ARHGEF6,2.9764,0.0286,0.0144,2.9523
DTX3,2.8278,4.9547,0.0566,4.3568
UPK3B,0.2016,5.1252,2.3618,0.6415
SNORA63,0.0,2.854,3.384,2.6323
VIL1,0.0841,0.5656,0.0566,0.0286
EPN3,0.0704,5.3625,4.6106,0.6871
SEMA3A,1.2987,5.4209,0.0286,0.0
FBP1,0.0704,0.7908,0.3674,0.3448
GNAI1,5.7126,6.5053,2.1922,3.3882
P2RY8,0.0,0.0,0.0144,0.0
PLCB4,3.0108,0.0841,3.5969,3.1811
ID4,5.0409,0.9709,0.3103,0.0976
CYP2S1,0.903,4.9136,0.0144,0.7485
FAM114A1,5.4386,4.9575,4.9791,5.0405
EFNA1,1.7225,4.9491,6.6564,3.857
TJP1,4.2426,6.0498,4.6736,4.5668
HMOX1,4.5699,2.842,6.3386,5.106
CARMIL2,0.3219,4.1811,0.2265,0.6229
LGALS4,0.848,1.1953,1.0,0.0144
LYPD6B,0.0,4.7772,2.6554,0.6135
OLFM2,1.2079,1.9069,0.0426,2.9449
IGLC1,0.0704,0.0,0.0,0.0
SRPX2,1.4222,2.7929,0.1243,6.2313
PRXL2A,4.2928,5.7856,4.6826,5.3366
FSD1,3.852,3.6404,0.0566,3.1077
IL1A,0.2016,1.4957,2.1375,1.3277
IGFBPL1,0.1375,0.2388,0.0,4.2884
DBNDD2,4.3306,6.7163,4.8841,4.4925
TEAD2,4.2772,1.5509,4.7581,4.6786
SEPTIN5,3.6622,4.3861,0.4542,3.5236
EFEMP2,1.3334,3.1489,1.4436,4.8595
MLLT11,4.3377,3.2296,1.2388,3.7312
EMP2,5.5081,6.1983,5.8309,3.9011
PURPL,0.3334,0.2016,0.0,5.9855
HOOK1,1.6088,4.1867,3.0444,1.7442
VWA1,1.516,6.0796,5.6094,3.272
HOXA10,1.4699,5.0678,4.2668,3.4303
AJUBA,2.6369,7.223,4.5552,5.857
STING1,3.06,4.3009,1.2327,5.0479
CDKN2B,2.6462,0.0144,2.7506,3.8217
MYCN,0.0144,0.0286,0.0,0.1506
ENG,5.5258,2.4515,3.7677,4.4588
LMCD1,5.4845,2.281,4.09,6.0613
KLF4,2.5969,4.1001,5.7085,5.1181
HSPG2,5.2784,4.8006,4.9864,4.554
ITGAL,0.0144,0.0566,0.0976,0.0426
SORBS2,3.4436,1.9107,1.7004,2.1985
ARHGAP23,2.858,7.1963,2.1243,3.9269
A1BG,3.9736,0.111,0.0704,4.8017
ENAH,6.3877,6.0323,6.8188,6.3427
HLA-A,7.8956,5.3981,7.8311,7.2259
VEGFC,0.3561,2.7442,3.2987,0.0976
MYO1D,5.0691,5.503,5.1715,5.281
IL7R,0.1763,3.2172,0.0144,0.4751
ZNF703,3.5236,5.2802,4.1465,4.4886
CEBPD,3.5632,4.0824,7.448,6.3688
ZIC1,4.9279,0.0,0.0,0.0
APBA2,3.6218,2.0875,0.0,3.4515
NFATC4,0.2388,2.254,1.546,4.0152
IFI30,3.6369,6.9442,7.9798,5.2257
FGF2,2.1043,1.8278,0.0286,0.275
FOLR1,0.0,5.3223,2.189,0.0286
MT1G,0.2265,0.0,0.1243,0.275
KIF5C,0.0841,0.4114,0.0,0.848
RUBCNL,1.8836,0.0,0.0,1.4276
TMEM125,0.0286,3.3937,4.0295,0.0
BLNK,0.0144,1.4276,0.2388,0.0286
RFLNB,4.4944,3.5957,0.6415,3.4343
TC2N,0.1375,3.9345,6.9653,1.9855
MSRB3,3.144,0.546,0.1243,4.6882
CA9,0.3896,0.263,3.2987,3.9001
JAG1,2.1859,4.7082,3.6576,1.9222
NUP210,1.0566,5.4728,5.1264,2.5385
TNFRSF11B,1.5898,0.8074,1.5311,2.6758
KCNH2,0.0144,0.2016,0.1243,0.7655
FLRT2,2.6781,4.1457,0.0,0.0426
TMEM54,4.7986,6.5682,3.5729,6.0873
ALOX5,0.0286,0.3561,0.0,2.7225
SEMA3B,2.2898,5.0708,4.5361,2.9355
PLCG2,2.2079,3.3547,2.7698,2.2079
DENND2D,0.1375,2.5898,5.8035,3.9607
PREX1,2.263,2.1375,2.9891,6.6575
SNORA50C,2.111,2.6982,4.0036,2.278
IGLL1,0.0,0.0286,0.0,0.0
CXCL2,0.0286,1.4222,3.3785,0.3103
PAX5,0.0144,0.3103,0.0,0.0704
IFFO1,3.4005,0.6135,0.1506,4.3498
F11R,4.0135,6.8755,6.4694,5.1114
ME1,2.9855,4.0391,6.2823,3.6171
GAS7,5.9054,0.0566,0.263,0.7049
TRNP1,4.5644,2.2957,0.4647,3.5521
ALPK2,0.3103,0.0566,0.189,4.1522
ALS2CL,0.0841,5.3466,3.4476,3.263
TMEM156,0.0144,2.2172,2.3306,0.263
RIPK4,4.7203,5.6188,1.5509,1.844
TMEM184A,0.0704,5.6056,5.3882,1.6599
SFTA1P,0.0,1.8679,0.0426,0.2987
AHR,6.544,4.2555,6.0431,3.0566
IGLL5,0.0,0.0,0.0,0.0
EGLN3,1.3674,1.2141,3.211,1.848
NDN,4.4416,3.5373,0.0,5.6873
CXCL16,2.0807,5.6005,5.153,1.1177
PLEKHA6,0.3219,4.3363,0.9561,3.0197
GRAMD1B,1.4489,0.1763,5.8227,4.5601
BTG2,0.84,4.2079,1.0909,3.7192
CDC42EP5,3.6017,4.238,2.8817,2.5777
GJB2,0.0426,7.0809,1.5509,5.8812
LY6D,0.0,9.7582,3.2172,0.0976
TAGLN3,0.0144,1.4647,0.0144,2.7866
EPS8,6.2032,3.756,0.0566,4.5002
TNFRSF21,4.7159,4.1085,4.9103,4.2698
FOXQ1,0.111,6.2238,0.0704,0.6135
LRRC61,0.3334,3.7506,4.2396,0.2016
DNAJC12,2.4087,1.8074,1.6415,0.4647
MBP,7.4947,4.5503,3.4128,4.3785
PIK3AP1,0.0426,0.3674,0.0286,0.4114
LAIR1,0.0,0.0,0.0,0.0286
GFPT2,0.4751,0.3103,1.6508,6.9959
PCOLCE,6.1212,5.8819,0.8639,5.5407
PODXL,0.4114,5.647,0.4854,7.2488
SH3BP4,6.23,4.4568,4.5002,5.6011
NIBAN1,5.211,3.7751,0.0144,4.275
HR,2.1506,6.4386,2.4542,0.0426
PDZD4,2.0635,0.3896,0.0286,1.8359
SLC16A5,3.7038,5.3125,4.9449,2.0566
THBD,0.0566,3.1969,0.516,6.6107
FERMT1,0.2265,4.541,3.1635,3.8709
OLFML3,0.3334,0.0286,0.0144,3.5122
IFIT3,3.4751,3.1489,0.6781,3.7613
AGRN,5.3806,7.6308,6.5596,6.4504
SNX7,5.9336,4.7186,0.0,5.1727
C8orf88,3.251,0.0704,0.0,4.9355
SPON2,6.1077,6.8787,5.537,2.3219
ENO2,5.8612,5.195,0.275,6.258
APCDD1,5.7342,4.5416,1.1699,3.0925
OLR1,0.0704,6.0376,3.1043,0.0
TOX2,3.5173,1.8156,0.0,4.9336
TMC8,0.0566,1.856,0.516,0.0426
FRG1CP,4.4816,4.9364,3.3306,5.3187
MAGED4,0.0,2.4489,0.0,2.9241
ZNF595,2.0772,0.0704,1.0215,6.4393
INHBB,0.0144,0.6508,0.263,4.7661
TMC6,1.6781,6.0585,6.2141,0.5059
B4GALNT1,4.7159,5.1815,1.1635,2.9222
ZNF677,1.3674,0.0,0.0,0.0
CLDN11,4.6993,0.2016,0.0286,1.5801
PON2,6.9988,5.5043,6.1092,6.6819
SPRY4,5.1815,0.6508,1.3103,3.6982
NHERF2,3.2854,5.3533,6.0199,5.6328
APOBEC3C,5.8532,5.9359,0.0144,6.3216
SYT1,1.2203,0.2869,0.0841,0.111
RGS1,0.7485,0.0,0.0144,0.0
ALCAM,4.047,5.9479,0.6229,4.7109
MIR4435-2HG,7.0129,6.2284,4.2365,7.7795
DEF6,0.2869,4.6719,3.4995,0.4542
TENM2,0.0144,2.8659,0.0,2.3561
TCEAL3,4.8207,4.7279,0.0,4.857
SOX10,8.2362,0.4114,0.1243,0.0976
STAP2,2.9727,6.1191,3.858,2.0286
LOXL4,0.251,4.4848,0.1763,1.4005
PRKCB,0.0566,0.0,0.0,1.5753
RNF128,4.408,0.4542,0.0144,3.5753
EPHB2,0.0426,4.5014,0.0286,4.4938
PYCR1-AS1,0.0,0.0,0.0,0.0
RN7SL3,5.5531,3.1795,6.7469,6.8456
MFAP5,0.0286,1.406,0.0,0.0286
GBP1,4.5963,1.0072,0.1506,4.9212
NECTIN2,4.2891,5.4643,5.5188,6.3138
TUBB4A,5.4906,1.4906,0.0,3.6334
HES6,4.669,2.8972,2.4803,4.1457
EFNB2,1.5705,5.0972,0.3448,1.3277
EPB41L2,4.9837,4.4443,0.0144,4.9093
NHSL3,4.0807,6.3092,5.1902,5.5616
DENND1C,0.5059,3.3799,3.5692,1.8679
ITGBL1,0.0,0.4222,0.0566,0.0976
RNU4-1,0.0,3.3205,2.4276,1.111
ZFP36L1,4.98,6.6532,5.1981,6.7553
CLIP4,3.7751,5.4482,4.3778,6.3639
SEZ6L2,3.5644,5.0201,5.504,4.3944
SNTB1,4.2494,0.0286,1.84,1.189
LFNG,0.5059,4.9676,1.2449,3.0909
PHGR1,0.0704,0.3561,0.0,0.0704
TMT1A,0.433,5.4419,2.862,1.1375
LYPD3,1.7949,4.6264,4.6792,3.4074
HLA-DMA,3.488,1.6182,3.2172,3.6171
CERS4,0.9411,5.0076,0.1243,3.6088
RPL21P16,8.9219,8.7764,8.5466,9.16
WWC1,3.511,4.6229,3.8227,4.7719
MOXD1,0.1506,0.0566,0.0,1.1763
LUCAT1,0.8718,0.8875,3.5993,2.9184
HENMT1,0.926,0.0426,5.2261,4.1359
RPL13P12,3.4738,3.266,3.4489,3.2001
MLF1,4.8022,3.6837,3.6803,5.6168
HOXB3,3.846,2.7071,0.7991,3.7334
BARX1,0.0426,0.0286,7.5957,0.0566
IGFN1,0.0841,0.0426,0.0,2.7929
KRT4,0.0,9.197,1.3103,0.0144
FAM171A1,0.0841,2.6064,0.0286,5.0135
NCKAP1,6.2784,6.7177,5.9392,6.4436
HOXB-AS3,3.0618,1.384,1.1177,3.3306
GCHFR,2.211,5.6294,3.9402,0.4751
LY96,0.903,0.1375,0.0976,0.189
CP,0.4222,0.2016,1.5558,0.0841
FXYD2,0.0,0.546,0.0,0.1506
MARVELD3,0.1243,5.0027,3.5558,0.5261
SPHK1,3.5097,3.6993,2.7137,5.5491
VAV3,1.0286,4.4906,3.7257,0.2388
CHN1,2.8797,0.7655,2.251,3.3176
CPLX2,0.0,0.0566,0.0,0.111
SCEL,0.0286,4.1819,4.2563,0.2388
SDC3,7.9388,3.0144,3.1763,5.3027
MTND1P23,2.7355,2.4725,2.5874,1.7485
ANGPTL2,0.0426,0.7824,0.0144,7.2484
PCDH7,3.3964,4.5429,2.5632,0.0144
C14orf132,0.0704,0.2265,0.0,4.2743
MCF2L,1.9891,1.856,0.433,1.2388
RTN1,0.0841,0.0841,0.0,2.359
PKIB,0.251,1.3674,2.6323,1.0635
EMILIN1,4.2118,1.0215,0.433,0.7137
NSG1,5.8357,1.2327,0.0566,0.189
PHACTR1,5.7903,0.3219,0.1635,2.1309
ANTXR2,1.7268,2.342,0.0144,3.2913
SYT7,0.3674,4.1119,5.765,3.332
PALLD,3.3001,5.2623,4.8022,6.4859
ARHGEF5,2.6893,4.8895,5.0121,3.7698
MAGEA1,0.0426,0.0,5.2161,7.948
FUCA2,4.8379,4.1043,6.2871,5.9093
SYNPO,0.546,4.3716,0.6599,5.0343
SERPINF1,6.2116,4.6887,0.8639,0.7137
ENPP2,3.8156,0.3448,1.1827,2.0
ENC1,3.3923,3.0496,2.025,4.8324
CTSV,3.0233,5.4022,0.5656,1.903
ESPN,0.0426,3.406,2.9505,0.5059
SCG3,0.4854,0.0144,0.0,0.3219
USP41P,2.266,1.7527,0.0426,1.8797
PLAGL1,0.0286,2.7093,0.0,4.6769
LTB,0.0426,0.1763,4.5928,0.189
RHOBTB3,5.1942,6.9176,5.4899,5.7447
SH3RF2,0.3896,3.3074,2.6112,3.2219
TNNC1,0.1763,4.126,0.9411,0.3561
SMO,3.9136,4.6571,0.0,2.1506
CKAP4,5.9215,6.0261,7.1222,7.0108
SH2D3A,1.0286,5.4289,5.8263,4.3723
MGST2,3.5801,5.6522,5.5435,4.6305
SPOCD1,2.7527,1.3161,0.0286,4.8006
CSPG4,5.98,3.4476,3.8659,5.5798
SH3BGRL,5.9789,5.6294,0.0286,4.5969
GBP2,3.9523,0.903,0.0841,5.4902
CYTIP,0.0,0.0566,0.0144,0.0566
WNT10A,0.0566,6.945,0.1243,0.0286
ARHGEF16,0.4751,4.991,4.8455,0.5945
NFIX,5.9998,3.8001,4.384,6.5276
RNU1-2,1.1177,3.9383,3.9355,1.4854
RNU1-27P,1.1177,3.9383,3.9355,1.4854
RNU1-4,1.1177,3.9383,3.9355,1.4854
RNVU1-29,1.1177,3.9383,3.9355,1.4854
SERPING1,0.4114,1.251,0.0,5.1922
CNTN1,0.9486,3.3248,0.0426,0.1375
LMO2,0.1635,0.696,0.0,0.3334
RHOB,5.4182,2.5656,7.3438,8.6701
ETV1,5.4525,0.774,0.0,2.1375
TMBIM1,6.4676,6.4348,4.7334,6.6129
BCL11A,0.0426,2.3561,2.7782,3.8679
MAPT,0.2265,2.0531,0.2388,2.842
MAN1A1,1.6736,1.3219,0.4222,4.5008
GALNT6,0.1635,4.917,5.0553,0.0426
NID2,0.2388,0.4751,3.3785,2.3505
LRP3,3.8248,3.3277,2.8053,1.1177
USP9Y,0.275,4.6559,0.0,0.0
ALDOC,1.9523,3.7814,5.0224,4.4757
DIO2,0.0286,1.6369,4.7263,0.3896
C12orf75,5.61,5.8892,0.1243,7.0183
ISG20,3.4449,2.0704,4.5242,2.2296
CARD16,4.557,1.856,3.2494,0.6415
BSPRY,0.0704,2.257,3.1424,0.5945
TBX2,5.5604,0.6135,0.263,0.4005
KHDRBS3,3.9607,0.0976,0.0426,3.6381
MYC,6.6728,6.8651,7.4345,5.2384
GPC4,2.8914,0.0426,0.0,3.6803
PNMA8A,0.2141,0.0566,0.0,0.189
TLE2,0.4114,4.6047,4.6548,0.3674
PROS1,5.9939,3.7137,0.3334,2.7485
TNFRSF19,5.9807,0.0841,1.585,0.2987
TRAF3IP3,0.5558,0.4751,0.0704,0.1763
SEMA3F,0.3896,5.86,3.7708,3.3045
PRR15L,0.1375,1.0144,1.4699,0.3896
CYB561,4.153,5.9364,6.1695,4.2906
PDPN,0.0,5.2292,0.0,4.6628
FMNL1,0.774,3.8217,3.7015,6.6267
SLC22A17,0.3103,0.0841,0.0,2.3391
ISYNA1,4.5771,4.157,2.6576,3.2001
MPDZ,4.4222,3.5211,0.0,3.2957
DOCK10,4.7682,0.1243,0.0,1.3896
CCDC69,0.5261,1.9745,1.86,3.8758
CDKN1A,4.2157,4.858,3.9837,7.8219
PDE10A,4.7527,0.0144,6.5002,0.0144
DSC2,0.0286,3.9699,4.437,0.0144
NPIPA8,2.1177,0.111,0.263,0.263
ERBB2,4.0557,5.8094,6.393,4.6029
CDH6,0.0,0.189,0.0144,0.0144
DUSP5,2.7634,3.862,3.5361,3.5273
LHFPL6,4.546,3.8777,0.0,2.0635
NEBL,3.8866,1.3448,4.5091,1.0286
GPR176,3.1227,3.6369,1.263,4.5886
DLX5,0.7485,1.2141,0.0286,0.3448
KDM5D,0.3785,4.7474,0.0,0.0
NTS,0.1506,2.8992,0.0,0.0286
TJP3,0.0704,4.0188,6.3307,1.9635
MTAP,5.9816,6.1739,5.0461,5.8951
PHLDB1,5.5201,5.09,4.6058,4.7861
PAM,5.2456,4.1202,6.1773,7.4335
CITED4,4.406,5.8063,5.761,5.1655
ADAM12,0.7485,0.0426,2.0,5.5304
PIR,7.3562,5.4489,6.438,1.7782
SEMA7A,2.3161,1.3277,1.6599,7.3766
HCP5,2.433,3.2615,2.3448,3.0356
VASN,0.856,0.4436,3.306,4.4283
SULF1,0.0841,0.2141,0.0,1.2203
MUC20,0.111,4.3427,2.1177,0.903
ADAM19,4.266,0.0976,0.0144,4.6135
NGFR,1.2016,4.9991,0.0,1.4542
DOCK8,1.0144,2.4751,0.0144,0.7225
TEAD1,5.3757,4.2165,5.0925,5.761
CACNA2D1,0.0286,3.4195,0.0,4.9973
TRPM2,5.5472,0.0566,3.5922,4.1603
GPC3,0.7991,0.0841,0.0,2.275
P4HA2,4.4874,4.7934,6.0792,5.7687
STMN2,0.0,0.0,0.0,0.111
BHLHE41,1.7355,3.2555,0.189,6.674
BLK,0.0144,0.0,0.0,0.0976
HOXB7,5.3771,4.306,2.4168,4.5625
APBB1,4.7032,0.5361,0.0426,4.4012
FBLN2,0.0286,0.4222,3.0583,6.4436
SUSD3,0.0286,0.0,0.6415,2.9126
CGREF1,3.8298,0.5059,5.1566,5.0938
MACC1,0.0144,2.8135,0.0841,0.0144
SEL1L3,0.3448,3.9279,4.7076,5.4712
CEMIP,3.269,1.3219,0.6871,7.8194
BHLHE40,5.3923,4.5173,5.2384,5.6355
FGFR3,0.263,6.6454,2.8237,0.5656
LINC00839,3.3533,0.0144,0.0,4.7027
ALDH3B1,1.3896,5.5179,6.7502,4.439
FARP1,5.1953,5.2407,1.6135,5.4976
ME3,0.0144,1.0,4.7913,4.278
EPB41L1,1.4542,7.8644,5.2943,5.0448
SATB1,0.4542,2.8156,2.7442,3.6194
CELSR1,3.7602,5.465,3.853,3.3262
NRSN2,5.5348,0.6415,3.3176,5.5552
SLX1B,6.156,5.0224,5.3586,6.1637
LPAR1,3.6565,3.067,3.9165,0.0426
EPS8L1,4.0557,3.6029,4.7929,3.7772
LRATD1,0.0144,2.4725,2.1922,0.0
PSCA,1.3219,3.0409,5.1428,2.7049
LCP2,2.9317,0.0,0.0,0.4436
SYP,2.1309,0.84,0.189,2.6758
LRP1,3.3074,5.5993,1.7824,5.4046
SERF1A,1.5753,2.144,0.8718,1.3505
USH1C,0.2141,0.546,3.98,0.1375
C2orf74,3.516,5.3136,3.6837,3.9439
LTBP1,0.7049,1.1635,5.7206,5.2184
IL16,6.2649,0.251,0.0426,0.4957
LZTS1,6.1873,0.0426,0.0,1.9146
TCEA3,0.1506,5.0418,6.5223,3.9782
SPRY2,5.9333,2.9598,0.5945,4.0081
ABI3BP,0.4114,0.8797,0.111,0.251
IL13RA1,5.4433,4.4216,4.9686,5.3484
PARVA,5.7173,2.4222,3.0321,4.3985
DTNA,0.3219,0.0976,0.0,4.7049
DDAH1,0.3561,5.3712,1.1953,5.8746
TMEM45A,3.1587,3.3632,4.6118,2.9653
CYP27A1,5.6741,0.1506,0.0426,0.696
LYPD1,6.3695,0.0976,0.0286,1.9373
KIAA0040,2.3477,4.6427,2.2234,3.2854
PLEKHA7,0.1506,4.3951,2.5211,1.8359
LOXL3,4.5765,1.9964,0.1375,0.9782
DMTN,1.373,5.6907,1.7442,3.3813
AK5,6.2578,3.4005,0.0976,0.6135
NRROS,4.218,0.1635,0.0,2.0841
EPSTI1,0.251,3.8176,0.7485,2.0391
SULT1A1,0.2265,4.2219,4.0409,0.0426
PDGFA,0.4854,6.7257,3.1177,3.3448
BCAN-AS2,2.263,4.054,1.9449,3.6473
EDN1,0.0144,1.9635,3.0426,0.4222
PVR,4.7655,4.2334,5.375,5.4033
SLC16A2,0.6041,3.6792,0.0,4.3854
LYL1,0.1243,2.1795,0.6229,1.269
CMTM3,5.5963,3.6531,0.1635,5.8151
SECTM1,1.3277,5.2407,4.3212,1.6645
ACAP1,1.8074,2.8012,1.6088,2.4114
SMIM3,6.0966,2.3161,0.0566,3.6645
RHOV,0.2016,3.4101,6.9513,0.7312
FOXD1,3.2048,1.7866,0.0,6.57
MAGEC2,2.4195,0.0426,0.0286,6.2007
PSG5,0.0426,1.3505,0.1243,4.073
RPS2P7,4.0644,4.3688,4.851,4.0866
STAT6,6.2926,6.2008,5.3892,6.2574
NLRP1,2.7782,0.8237,0.3103,4.4012
MELTF,2.5993,4.4874,1.9411,8.5937
SYNGR1,4.5898,5.3896,2.6871,3.6439
MMP17,6.6545,3.3646,4.254,1.926
BNIP3,5.5786,1.3896,5.689,6.0693
CDH17,0.0,0.3785,0.0144,0.0286
RNF212,1.0841,0.2265,0.2388,5.7758
KITLG,3.5072,6.3138,4.7618,0.3219
NEDD9,4.3212,2.6736,3.2884,5.1953
RPS29P3,0.0,0.0,0.0,0.4957
NECTIN4,0.0426,3.2884,3.1424,5.5037
GATA2-AS1,0.0704,5.3052,3.6427,3.0909
IQCJ-SCHIP1,5.0985,4.4957,3.7236,4.4276
PCOLCE2,1.3334,2.3363,0.0426,6.1144
ABCC2,5.8602,1.5656,5.4356,0.5945
STXBP2,3.9345,6.4968,6.2334,5.9832
CXADR,1.0426,4.6433,4.0583,3.1554
PROM1,0.7991,0.0286,0.0286,0.4436
PARVG,0.0426,0.0,0.0144,3.0841
SPANXB1,0.0704,0.3103,8.7689,0.2869
HSPA2,4.1085,5.7511,4.1827,5.3611
CCL5,0.0976,1.5558,1.0215,0.0286
DPYSL4,4.153,0.0144,0.2265,1.1506
PCP4,0.0566,0.0566,0.0,0.263
SNORD22,0.0,1.9411,2.7719,0.0
PLEKHO1,4.1449,2.8836,3.1859,6.25
PRUNE2,4.2623,0.1375,0.0286,3.4828
BCAR3,4.1985,4.8001,5.8985,6.7462
GCNT3,0.3448,1.5261,3.5969,1.1243
MEGF6,1.6276,4.5254,4.8268,0.5558
ABLIM1,1.9298,4.238,6.2443,5.3947
RARRES1,0.3103,1.157,3.9326,0.2016
HOXB8,1.406,0.6135,0.0841,5.0179
YBX2,0.9709,4.5311,2.9467,3.1969
ZFPM2-AS1,3.2311,0.263,3.266,3.1699
HLA-E,6.8795,6.2504,5.0347,6.6999
SEPTIN3,4.3903,3.6346,0.0144,2.1309
CAP2,4.7436,3.2001,0.251,2.1342
IRX3,3.6053,4.2102,3.025,3.3785
MAGED1,7.4034,4.6899,6.9304,6.4712
FHOD3,4.0479,0.757,0.0,4.3792
IRX2,2.5705,5.3459,0.0,0.0
ARMCX1,5.0887,0.0144,0.0144,4.5832
RNF43,2.7803,2.0144,0.0,2.1473
ASRGL1,3.4568,2.1827,2.06,1.7181
CBFA2T3,0.0,0.4751,0.0566,0.0426
YBX3,7.0886,8.1471,6.4851,7.4399
LCK,0.0144,1.9709,0.0,0.8319
H2AC25,3.2675,3.4128,3.9699,4.7949
DUSP1,2.5261,4.7923,5.2529,6.5783
GREM1,0.0841,0.0144,0.0704,0.0
FER1L4,0.4222,5.3345,0.8074,2.275
SERPINB9,0.0566,0.0286,1.8032,0.6781
MTARC1,0.0286,4.408,6.6282,0.546
NMNAT2,0.1243,4.0321,0.0,0.7908
ACSS1,5.3858,2.2479,0.0426,1.1953
DSCR8,0.2987,0.0841,0.1635,0.0426
ZNF711,0.0144,1.2327,0.0,0.0
GSTO2,0.6135,5.6885,5.3302,1.2449
BIN1,5.0772,3.7981,3.8278,4.6363
UNC5B,0.0426,4.5558,3.4209,0.6229
TOM1L1,5.0295,5.2307,6.0917,5.218
UACA,5.7401,6.0092,0.1506,6.2284
EPHX1,4.8836,6.4854,8.6053,5.3702
CST7,5.8163,0.0144,0.0144,1.6135
MTSS1,2.9411,2.98,0.263,2.729
PALM2AKAP2,5.3169,2.9336,0.0566,7.4199
LINC00973,2.541,0.0426,0.0,3.1077
IGHG1,0.0,0.0,0.0,0.0704
EPS8L3,0.111,0.3334,0.0,0.111
RTL8B,3.3868,0.0704,3.6792,4.3089
LAMA1,4.8339,0.0286,4.3827,0.9486
DLK1,0.0,0.0,0.0,0.0
BICDL2,0.0841,3.7279,2.9891,0.0566
SPIB,0.0566,0.1243,0.0144,0.0426
RNF182,4.7208,0.111,0.0,4.7474
CADM4,2.144,3.855,2.5801,2.4114
LY75,0.0286,0.111,0.0,3.7634
TNFRSF10D,0.3448,3.6147,2.5753,4.2935
GNAO1,1.3161,2.6713,0.0426,3.488
LRRC37A4P,3.4699,3.845,0.0841,3.7015
OAS3,4.4835,4.9184,3.6971,3.9326
CPXM1,0.8156,0.0144,0.0144,0.111
CHI3L2,0.111,0.0286,2.9837,2.1922
IL1R1,0.2869,0.516,2.1408,2.8679
DLX1,4.4627,4.3284,3.7772,2.9317
SEPTIN6,5.155,4.1635,3.7856,3.742
ATP8B2,5.1056,4.8885,0.0286,5.5632
SLC27A2,0.0566,4.5129,2.8777,0.1375
ATP8B1,0.4647,4.4269,3.6871,1.4222
SP100,5.5826,4.4809,3.8738,6.1202
ZNF528,1.3277,2.8379,0.111,0.5945
OASL,0.3103,2.8699,1.5801,1.257
COL9A2,0.1506,1.9222,0.8639,1.2869
CHST15,0.0,3.9355,3.6005,3.7377
RNA5SP216,0.0,0.0,0.0,0.0
CBR1,7.665,7.3689,7.2446,6.4463
MILR1,2.406,1.281,1.9598,3.5472
ADAM23,0.546,2.5558,0.0,3.2311
LARGE2,0.3219,3.6485,1.8319,1.4436
CYTL1,0.1506,0.0,0.0144,0.926
LPCAT2,6.1759,5.1227,0.7908,3.706
PTPRZ1,4.7225,5.5245,0.0144,0.2016
CACNA2D4,0.0704,0.111,0.0566,6.2405
EPHA1,0.7312,4.7735,3.3646,1.2388
GSDMD,5.3118,5.7385,3.6334,6.1878
PRR5L,3.6182,1.9782,0.0704,5.0798
UBA7,3.6747,2.263,1.4906,4.8958
METRNL,4.3882,5.6845,6.019,5.6576
NDRG2,4.3484,5.4005,0.0286,5.5154
KCNS3,5.8647,3.0755,0.0704,4.6456
IQGAP2,0.774,0.2987,0.0704,0.4222
PLP1,7.8114,0.0144,0.0286,0.1375
RIMKLB,4.3111,3.858,0.0,4.843
CPQ,4.1227,1.0976,0.0704,4.3512
TGFB1,4.4289,5.8115,0.1506,5.7137
EPHB4,5.0985,6.1191,4.8909,5.7724
GPR160,1.384,3.4555,0.9107,2.6713
COBL,2.6135,0.251,3.9307,1.8197
NPW,0.7312,1.4383,4.4141,0.84
KIT,0.6781,1.0704,0.0144,0.2987
GSTT2B,4.7371,3.8982,1.7908,1.2327
PKIA,0.0,2.5558,0.0,1.3277
STAT5A,3.7824,1.774,3.5122,2.4828
EVI2A,3.3716,0.3785,0.0704,0.275
RRAD,0.0704,0.4751,0.0704,3.7225
ZNF608,2.9373,0.8875,0.0144,0.696
ARHGAP9,0.0704,0.1243,0.0286,0.263
CD55,3.8146,3.1375,6.6761,5.4469
PLXND1,2.0635,4.8405,3.925,3.5261
SERPINB7,0.0426,2.8379,0.0704,1.7268
TUBB2A,7.2293,3.7939,2.2048,7.1775
RNF130,6.7221,4.342,0.0286,6.3257
PTP4A3,0.8074,3.7038,1.3896,3.269
CRYBG1,4.5577,4.8304,1.0841,3.8022
CYB5R2,1.4005,0.111,3.6288,3.5059
ZNF542P,1.433,0.0426,2.3674,1.0215
CST1,1.257,0.0426,0.0841,0.0286
MB,0.0,1.7824,2.4087,0.7137
TSPOAP1,0.0426,0.856,0.0,1.9745
FOXD1-AS1,1.7908,1.1043,0.0,6.2651
AXIN2,3.9098,0.263,0.2016,0.856
NETO2,4.6943,4.4809,3.9819,6.3445
SELPLG,0.5261,0.3785,1.4542,2.0036
HOTAIRM1,3.8895,4.6865,4.975,4.1424
ASPHD1,3.7334,4.4627,5.8522,3.7538
DAPP1,0.0426,1.7613,0.856,0.1763
FGFR4,1.9373,2.2449,3.2824,1.7049
POU2F2,0.3103,0.5059,0.1506,1.7866
PDGFRB,0.0566,0.189,0.0704,1.189
HNRNPA1P33,0.0286,2.7592,0.3561,2.6736
SLAMF7,2.9964,0.0426,0.0144,5.4799
PDE1C,1.6182,0.1506,2.84,3.843
GASK1B,4.435,2.272,0.0286,0.0976
ADGRE5,5.3632,4.8445,4.6713,6.3018
AFAP1L2,0.111,5.8497,0.3219,2.269
CENPV,3.1953,4.1301,5.3208,4.441
PROSER2,2.5185,5.6363,5.6571,5.3944
CLEC2B,3.4529,2.844,0.0,0.6135
MDFIC,6.087,4.6029,1.0635,4.033
EVI2B,1.7049,0.4114,0.0841,0.3219
GGT1,0.4005,3.842,5.1867,3.1326
VPREB3,0.2388,1.7225,0.669,0.3334
RHBDF1,3.7708,4.915,4.0161,3.9212
RNVU1-18,1.1177,0.0,3.9355,1.4854
PDGFB,0.0426,3.6159,3.0566,0.1763
BCL2,2.3785,1.8074,0.0426,1.6229
SPTSSB,0.4854,4.0575,3.9607,0.0426
ANXA2P2,4.6135,3.3519,2.1795,4.5491
NFASC,0.189,1.8953,0.0144,4.5217
RRAGD,5.4346,0.546,0.0704,3.6904
KLHL6,0.0286,0.0286,0.0,0.0286
BOK,3.0286,4.9699,3.7719,2.4777
CMTM7,6.5159,3.8953,1.6229,6.1342
MAOA,2.7247,3.5223,0.0286,5.6531
RNU1-1,1.1177,0.0,3.9355,1.4854
RNU1-28P,1.1177,0.0,3.9355,1.4854
RNU1-3,1.1177,0.0,3.9355,1.4854
HGF,0.0,0.3896,0.6229,0.0
MGMT,4.2593,5.0661,0.0,5.2698
ELL2,2.4436,5.7631,5.8691,3.5765
HAND2,0.0841,0.8639,0.0,0.0286
MTUS1,4.7142,4.5279,4.8934,2.0108
CASC19,0.5361,4.6462,5.2672,0.275
PRODH,0.1375,5.1667,3.8699,0.0841
IGSF3,4.8001,4.1202,2.3334,2.9279
CD200,5.1827,0.0841,0.0144,0.1243
ANXA4,6.9003,6.5558,5.0661,7.2237
AFAP1L1,4.9193,4.3298,0.6323,3.5632
TMT1B,1.0,2.0,0.0,1.541
BICC1,3.1326,0.0286,0.0,2.0356
SHROOM3,0.3334,3.7247,4.0548,1.7908
PPP2R2C,0.0,1.269,1.5211,1.8032
NECTIN3,4.5777,2.6758,0.0,3.8104
LAMC1,6.1278,7.2762,5.0152,7.1404
CAPN8,0.2388,0.4751,0.0841,0.0566
A4GALT,0.0144,5.0496,1.3277,4.9074
NCS1,6.3983,5.2246,3.1424,5.4229
ZEB1,0.4647,0.1635,1.1763,4.1001
PADI2,0.0144,0.1763,1.3896,0.0144
RBP7,1.0286,3.2126,0.4854,0.6871
HACD1,6.8386,4.3716,4.488,1.6323
MT2P1,1.7527,0.3334,0.0,0.9336
ABCA3,0.4854,1.2327,0.111,3.3547
ITGB8,4.431,3.8836,1.0215,0.546
NCF1,0.1506,1.6915,0.1763,0.1506
ELAVL3,0.0426,0.0976,0.0,0.0144
P2RX5,2.8197,3.774,3.1408,1.6041
ST3GAL6,6.6906,2.0036,0.0144,2.5826
CDKN2C,5.4575,5.9542,1.5945,5.889
GBP3,4.8674,2.2957,0.3448,4.5747
NCF2,0.0704,3.5447,0.1763,7.2611
MAPK13,0.4647,4.4429,2.9107,2.06
RUNDC3A,0.4114,1.1827,0.3219,2.9279
ERAP2,4.7772,1.4489,2.7442,5.7131
ACP5,6.9275,1.9298,2.6645,2.1985
ANK3,0.0566,4.1707,3.7949,0.2388
CD38,0.0286,0.2388,0.0976,0.6415
HNF1B,0.0144,0.0286,2.1043,0.0976
PTPRK,3.5033,5.0413,3.6565,3.645
FAP,6.1693,0.0976,0.0566,0.0144
NKD2,0.0286,0.0566,1.5993,0.0704
CTBP2,5.8804,5.6238,6.1819,6.1544
SNORA11F,1.5059,4.0117,1.9819,2.9523
PIP5K1B,2.5033,2.9873,4.6622,3.8924
DOK3,2.275,1.1699,1.1177,1.0496
EFS,0.0144,0.0,0.0144,0.0566
MYH10,6.354,5.6232,3.5632,4.9045
MRAS,5.3132,1.3674,2.8339,4.6369
RNASE1,0.1763,0.6871,0.0144,3.7814
RIPOR2,3.1587,0.0976,0.2016,0.0976
KDF1,0.0841,3.9495,2.9411,0.5261
NEXN,3.0161,1.6415,1.6554,4.6871
CCL3,0.3334,0.0,0.0,2.0841
LINC01116,3.2016,1.275,0.0,4.2645
GPAT3,4.3709,2.5729,1.4699,3.904
DNAH14,4.6467,3.9809,4.4303,3.6622
SMOC1,0.0,0.1635,7.6339,7.3993
MSX2,3.263,3.1342,1.0566,3.5046
ATP9A,2.5311,5.354,3.9982,3.9579
PLEKHB1,2.7004,2.4033,0.0286,0.669
CARD10,0.926,5.7206,3.516,4.991
HAS3,0.9411,2.905,0.4751,1.5993
ANKRD65,0.0144,2.9579,0.433,0.0426
CD19,1.4222,0.0,0.6415,1.3505
PSG4,0.0704,0.696,0.0,0.4222
FGF13,4.2494,0.84,0.0144,6.4757
FAM106A,0.0704,0.251,3.86,2.4383
INPP4B,5.7309,2.4751,3.3882,0.926
TMEM265,0.0704,0.1763,0.0976,0.0
INHBE,0.111,0.757,4.0704,2.1077
IGSF9,0.0426,3.0738,3.2219,0.9635
TM4SF18,1.7225,0.0286,0.0286,0.0
ZBED2,0.0,3.0652,0.0,0.0841
GSTA4,4.144,3.842,4.354,1.7485
PAX6,0.1243,0.5361,2.0144,0.1375
EYA2,0.0144,2.9011,0.0841,0.0144
GABRB3,0.0841,0.0,4.7148,0.0841
RRAS,3.9146,5.3681,4.8585,7.0319
CCL20,0.9184,0.5059,0.774,0.9635
SLC29A4,1.1827,3.2001,0.0704,0.8319
CAMK1,0.696,0.0566,0.251,3.729
VEPH1,4.0488,0.696,1.546,0.8797
ZNF185,1.4699,5.5008,1.7908,5.6733
MVP,6.1422,5.4162,5.4131,8.3041
RN7SL1,11.0095,10.4259,10.7826,12.3357
ZNF532,4.8743,4.6696,4.6915,5.5336
GPX1,8.2174,7.9287,7.3499,7.9856
SYT13,0.0286,0.2869,6.3586,0.3448
POF1B,0.0976,0.9486,0.4647,0.0144
TACC2,1.4854,5.89,6.4803,4.4803
TSPAN6,4.4222,4.7929,2.8895,4.4423
TRAC,0.0286,0.3334,0.0,5.0942
RIN2,2.2141,4.193,2.8875,5.054
NAV2,4.8298,2.0772,4.3111,3.6645
SEZ6,0.3219,0.6415,0.0704,0.1375
UGT8,2.8972,0.3561,1.7442,3.0321
RCN1,7.1043,5.332,6.916,6.8555
STAC,0.5059,0.0426,0.0,3.3363
CCR7,0.0286,0.6415,0.3334,0.0566
TCIRG1,4.9463,6.0522,6.477,5.9887
SEMA6B,1.4276,4.5103,1.2987,5.7498
VTRNA2-1,0.0,0.0,3.6758,0.0
AFF3,3.0268,0.0,0.0,1.1177
CACNA1A,3.7645,1.2388,1.6415,3.1457
ZNF704,3.6311,2.9467,0.0,2.9411
CGN,0.5558,3.6893,2.0738,0.5945
SHC2,0.4005,0.0841,0.0,5.0548
NPTX2,0.84,0.0,0.0,4.6124
CTXN1,3.5072,3.7949,2.9392,2.9946
REEP2,2.0356,4.5674,0.0704,2.6531
BAIAP2L1,5.6279,6.086,5.5491,4.9713
DIRAS1,4.8089,0.1375,0.263,3.3827
CECR7,5.1558,4.3327,2.1922,3.0321
MCOLN2,3.696,1.6276,0.0,1.9964
ITGB7,0.3448,1.433,1.7442,0.1506
ATOH8,2.4463,1.3951,2.854,0.3448
CD163L1,0.1635,0.0286,1.8875,0.5753
STARD10,3.9782,7.1593,7.9644,4.4256
PSD4,0.4751,5.251,3.2943,4.106
C1orf21,6.2409,4.4614,2.1043,4.6294
PTK2B,1.0909,5.0639,2.3896,2.541
SAT1,7.9922,5.3885,7.8881,5.3747
GRAMD2B,4.0391,3.4236,2.9392,2.3103
GNB4,5.0836,0.3103,4.8135,5.2672
ABCG1,0.0144,2.3896,3.1489,4.8258
RAB33A,3.0144,0.3334,0.0566,0.5945
TNFAIP3,4.2311,2.4803,1.6462,1.4751
DLL3,3.5898,1.0215,0.0,2.0566
VANGL2,2.0036,4.4336,0.0,3.7203
ZNF880,2.5922,0.0976,0.0,2.8359
ELAPOR2,0.0426,5.1194,0.0704,4.3792
FRMD4A,6.5231,3.272,1.4699,6.8426
GJB1,7.2713,0.0976,0.0144,0.0
SLC35D2,5.017,4.774,3.6392,4.8212
RASSF8,5.5515,3.6542,1.1635,4.926
LMO3,0.0,0.0286,0.4222,0.0144
ITGA1,3.5472,1.111,3.7793,3.0303
SOCS2,4.6276,2.2388,2.4983,2.5211
TTC39A,1.8319,2.6599,4.4289,1.7137
IL1RAP,5.7444,4.0883,2.2839,4.2288
GMPR,7.3025,0.189,0.0144,2.5753
SLCO1B3,0.0144,2.5336,1.0772,5.0955
PRKAR2B,3.9355,0.251,0.1763,2.7887
CEBPA,0.0286,2.6871,2.8278,1.6645
PLPPR3,0.0144,0.251,0.1763,2.541
SVIL-AS1,5.8502,4.6724,4.6988,5.4992
LNCAROD,0.0286,4.8048,0.0566,0.0286
GPC6,0.8319,0.0,0.0426,0.0841
PTGS2,1.7004,1.7137,6.2172,0.0704
PTMS,9.0487,8.1918,5.6366,8.8591
CPS1,2.7761,0.84,9.6632,2.2418
RTL8A,6.3588,5.9523,6.8373,6.4039
HS6ST2,0.275,3.8787,0.0,2.7845
NTM,5.84,0.0976,0.0,2.9486
KLHL13,0.6229,4.9208,1.4854,2.3702
COL27A1,3.9317,4.3827,0.0286,3.3813
SLC12A8,0.189,1.8992,4.4005,7.5776
AMOTL1,5.1069,5.342,4.7949,3.9117
TMEM40,0.0286,4.211,0.5753,0.0566
GABARAPL1,4.6253,4.8395,5.4426,4.5484
B3GNT5,3.8639,4.3964,3.9937,5.7247
DCT,8.7393,0.0704,0.0144,5.2106
SLC15A3,0.6323,0.5059,0.9635,3.2824
CEACAM1,3.0479,1.0286,0.3896,0.0426
FAM107B,3.275,2.263,7.2956,4.2172
SOCS3,1.757,3.1859,4.8782,3.7071
MITF,7.7681,3.9184,1.433,3.1506
SLFN5,4.4751,3.2219,0.1243,4.925
HERC2P4,4.4744,3.3334,0.0,3.7247
TNFRSF1A,5.8676,6.6751,5.2055,7.2516
EML1,0.1243,1.844,0.0,2.5874
ARNT2,5.189,0.6508,1.4168,4.0426
MANSC1,3.433,3.9919,3.5059,3.0374
SLC2A10,0.9336,4.366,2.26,3.1424
A2M,4.1326,0.0286,0.2016,0.2141
THNSL2,0.7137,0.0841,1.251,4.366
GJC1,4.6159,3.7677,2.5435,3.8166
KLK11,0.0841,6.7242,0.0,0.0
SOX13,5.155,5.1214,2.9298,3.0
PPP1R16B,0.0426,0.0426,0.0,0.0976
HOXD11,0.0704,4.6809,0.0,2.5993
MICA,4.3806,3.2172,5.1731,4.7485
NMRAL2P,2.6159,2.7334,4.0976,0.5361
DUSP2,1.7442,0.3103,1.9523,0.7908
CCN3,6.2598,1.6415,0.0,2.3074
SLC43A1,4.1635,1.251,5.3277,1.9486
SPNS2,1.5008,3.4236,1.7485,0.9928
CDC42EP3,5.6035,4.9074,2.6439,4.8379
ATP8A1,0.0976,0.5558,1.8914,1.8953
ARHGEF25,3.373,4.6433,0.0,4.669
POGLUT3,5.2559,5.7506,4.0461,5.7519
MXRA8,1.7355,2.3646,1.3448,6.2502
SLCO4A1,6.5569,5.0422,4.1514,0.251
DEPP1,0.2016,0.7225,1.0909,5.7929
LINC02967,0.0426,3.1489,4.4848,0.0144
ELAPOR1,0.1375,0.6508,2.1699,0.9928
RCC2-AS1,0.0,0.0,0.0,0.0
B3GALNT1,3.1635,1.6369,2.4303,2.7159
ADAM8,0.3561,2.7463,0.3785,2.9873
ATF7IP2,3.9126,3.4396,2.6622,4.4189
TLE4,2.774,2.3674,0.0,3.2388
PTPRU,2.729,3.7236,4.4489,4.4416
FUT3,0.0144,1.144,4.3512,0.0286
RAB3B,0.1635,0.2265,0.0,3.8934
NCALD,1.3334,0.5945,0.1635,0.0286
PCED1B-AS1,0.0286,0.9855,0.2388,0.0841
MMP24,1.144,0.4647,0.0704,5.4725
TYRP1,6.6886,0.0704,0.0144,0.0566
MTSS2,4.2342,7.31,5.0321,3.742
MT1A,2.3219,0.0,0.0,5.5708
PLCD3,4.0206,7.8826,4.9644,6.4216
SLCO3A1,4.5478,5.7407,0.4114,3.9809
ZIC2,0.9561,2.8856,3.101,3.067
ZBED10P,0.275,2.8758,2.9336,0.3448
FABP1,0.0,0.0286,0.0,0.0286
TYMP,3.7918,3.1667,7.7904,5.5059
MID1,5.0904,4.6311,4.1326,4.6887
ARSJ,2.5607,2.6531,1.9336,1.4957
PCSK6,4.1627,3.9955,3.3306,3.5385
KCTD15,5.9718,4.4822,5.2036,4.8166
PRSS12,2.1043,2.6159,0.6599,2.8679
RASSF2,0.6135,0.4751,0.5261,0.1635
SLC40A1,0.1375,0.0144,0.0144,0.3448
TAFA5,0.275,0.0,0.0144,0.0841
CA8,2.3978,0.0,0.0,0.0
VLDLR,4.073,0.4957,2.2987,4.546
NKX2-1,0.0,3.3176,0.0,0.2388
FOSL2,2.4356,5.7153,4.5564,6.2089
CYP4F11,0.0286,4.9542,3.0652,0.6415
GALM,3.4751,4.3205,2.6369,4.0444
SBK1,0.6323,1.8197,0.0566,0.4114
TRMT9B,1.5311,0.1375,0.0,0.9107
CNN2,6.5694,7.0871,6.2315,5.6857
CERCAM,5.079,4.8006,4.3219,5.6363
RASAL3,0.0,0.0286,0.0566,0.0426
TSPAN12,0.0286,2.4383,2.1342,0.6041
BICDL1,3.121,3.2494,3.189,1.5261
DSC3,0.0,6.3992,0.0,0.0144
FABP5P7,4.7126,1.3674,4.706,5.3899
NEAT1,6.9047,7.7643,8.5941,7.8333
S1PR4,0.0144,0.4005,0.275,0.7991
TSPAN5,3.2987,2.9392,3.7677,5.263
HHEX,2.9745,2.4249,1.696,3.5435
TNS1,0.5059,2.7027,3.8866,3.488
CMAHP,0.3448,1.5558,0.0704,0.3103
RNF157,3.266,0.7991,1.4594,4.0942
TOX,0.0286,3.3743,0.0,0.0566
PIMREG,6.9427,5.4922,2.4222,3.3771
CHRDL1,0.1506,0.0,0.0,1.6826
SLC7A2,1.7824,0.4222,5.202,1.3103
JUN,4.7323,4.7377,3.7856,6.932
CD274,0.8639,0.7824,2.9107,5.9446
GFRA1,0.0,0.0144,0.0,0.0841
MAGEH1,3.1938,3.0807,0.111,3.4867
PRR11-AS1,4.8987,4.8861,2.5361,4.6229
TNFRSF17,0.0286,0.1763,0.0426,0.0286
PTPRN,0.0704,0.0286,0.0144,4.1135
ADORA2B,1.7866,5.0479,2.4114,4.5116
EPHB6,0.251,1.7782,2.1699,4.5348
GAS1,3.5435,0.6415,0.0,2.6713
PDLIM2,4.6525,5.8917,4.7279,5.9399
NUDT11,3.0531,0.0144,0.0,3.9891
CLGN,0.0286,0.7225,2.6713,2.0391
VSTM2L,0.1243,0.3334,3.7581,4.1001
PSAT1,7.5858,6.5809,7.6028,6.4305
RUNX1,3.5945,4.841,3.2141,5.4406
MYRF,0.7049,3.0892,0.848,1.9819
FAR2P1,0.0,2.1859,1.6462,3.6542
RHOC,8.6017,6.9435,6.7572,8.216
TMEM176B,0.0144,0.0426,0.111,2.6871
TMSB15B,4.1747,2.8135,0.0,3.2898
LINGO1,2.969,0.2987,0.0,0.5059
PTPRN2,0.0286,0.4957,0.0286,0.0841
SLIT3,0.7049,0.0,0.0,2.4542
APOL3,0.2388,1.0841,0.8639,4.3992
HMGN5,4.6685,4.9416,0.0144,1.4803
RASSF5,0.6415,3.4209,0.585,2.0841
MARCKSL1,8.976,5.0099,5.6511,5.3691
PRNP,8.1826,6.351,5.7655,8.7687
CBR3,6.7478,4.3512,2.111,4.1449
GYG2,5.1603,0.2388,3.1875,1.3391
PKD1P5,3.669,1.1827,0.5656,0.5656
FBN2,2.3785,1.7949,0.0,2.6206
ADAMTS10,0.0286,2.0286,1.9855,2.0909
FAUP4,4.1119,3.2957,4.7485,4.5416
ZYX,6.959,5.7241,5.7477,8.4034
PLXNB3,4.5717,3.4489,0.8639,3.3031
NPTX1,4.0583,0.8797,4.5323,0.0
IL15RA,0.1506,3.6702,1.8197,3.8186
VIPR1,0.0566,2.3277,2.257,0.2869
UBD,0.0,0.0566,0.0144,0.1243
RNF207,3.2839,4.7581,4.2795,3.257
HOXA-AS2,1.3448,4.2928,2.6159,3.8268
SLC12A7,1.7268,2.8718,4.7398,1.7824
TSPO,9.0243,7.5163,7.7077,7.777
ELOVL2,2.8758,0.0286,0.0,3.6253
CRACR2B,0.7137,2.9088,5.3427,2.669
PCSK1,0.0286,0.3334,4.904,0.263
PLEKHG4,4.6129,3.84,2.111,5.6915
MAGEB2,0.0286,0.0,0.0976,7.1288
NAV1,4.7687,3.4712,4.3999,5.8135
FIBCD1,0.1763,2.4383,0.8639,0.4542
MGAT5B,2.9709,1.1953,0.3674,3.9681
SH3TC1,2.3045,4.8329,3.144,2.8298
SPTBN2,3.8379,6.1206,4.6381,3.6927
MPP1,4.3399,2.905,0.1506,5.3816
SHTN1,4.7038,5.0418,5.9418,5.1428
KRTAP2-3,0.1763,0.0704,0.0,0.4005
ADAMTS12,0.1243,0.0426,0.0,2.4594
ROBO3,3.844,2.3306,0.3785,4.0453
KRT20,0.111,0.0976,0.0,0.111
PTPN14,4.0985,4.477,2.5945,5.0356
RUNX2,3.0618,2.0635,0.0,5.0561
BEND7,1.9222,2.7485,0.0,3.774
DCDC2,0.0,0.0144,0.0144,0.0841
SHISA4,4.6508,3.9973,2.4383,4.144
MOK,4.3291,3.9136,5.0121,8.5568
SKAP1,0.189,0.1375,0.0,2.9873
SEMA4A,0.1506,4.9406,1.7949,0.0976
CCBE1,0.2987,3.5509,0.0566,5.6328
KIAA1217,2.8875,4.1218,3.3462,4.3667
RNA5S9,0.0,3.2913,3.5668,2.3248
HOMER3,5.6203,5.7631,3.7203,6.1558
PIK3CD,3.8718,1.856,0.8718,4.0152
FCHO1,1.7225,1.852,2.511,2.9616
HAVCR1,0.0,0.0144,0.0,0.0566
MYO15B,0.6508,3.2645,2.1043,2.1667
SPRY1,2.0286,0.251,0.6415,1.926
MCOLN3,7.7708,1.6088,0.0,4.1882
SAMSN1,0.0,0.0426,0.0426,0.0566
TMC5,0.0841,2.0108,5.6648,0.9486
UPK1B,0.0426,0.2987,4.2675,0.0566
RPS28P7,6.4075,6.1451,7.43,6.6251
ITM2C,6.8364,6.4975,2.189,6.65
MLXIPL,0.0286,4.6904,3.2795,0.8237
PTPN13,3.1077,5.3306,0.0,2.1635
UNC13A,0.2987,0.1506,0.1243,0.1635
DBNDD1,4.6323,4.8058,4.3978,3.8758
LINC01322,1.251,1.3334,0.0286,0.2265
NRARP,0.0426,3.2525,4.6571,0.6781
ELAVL4,0.0,0.0144,0.0,1.7782
MLANA,8.3544,0.3448,0.6229,1.546
THSD4,0.1506,3.9193,2.9727,4.0374
OAF,4.9713,4.756,5.5264,6.0002
PCBP3,0.3448,0.2016,4.7192,4.4647
BIK,2.2296,3.6323,0.7991,2.5705
LIFR,1.511,1.3448,3.0618,3.9136
GFOD3P,3.3937,0.1375,1.6041,2.4957
TCEAL4,6.8557,6.633,1.6645,6.4469
LINC03057,0.0566,2.8135,0.0,3.5741
TOR4A,0.1506,4.9298,4.1953,2.9727
SLC25A27,3.3547,4.04,3.2203,2.9467
BTNL9,0.1375,0.2987,0.0,2.6112
EYA4,3.7908,0.0,0.0286,0.4005
ETV5,7.4683,0.516,3.1683,5.784
SEPTIN1,1.2869,2.2839,1.0356,1.6415
FBXO27,2.8012,4.8084,3.9107,3.3576
CNKSR1,0.1506,4.4121,3.757,1.511
LIPH,0.3674,0.8639,2.6369,0.0566
CLIP3,0.9855,0.8718,0.9561,3.0036
OSBPL10,2.4087,3.957,3.6859,3.3978
NPTXR,0.6229,2.8875,0.0,4.2758
PDE4B,5.1953,0.1375,6.4328,1.4751
GCSAM,0.9561,1.2079,0.433,2.025
ARHGEF35,2.7782,3.466,2.7527,4.0286
EMILIN2,5.3466,3.263,0.0286,4.0027
CHCHD10,6.6254,8.0793,7.8939,6.2959
ARHGAP22,0.4751,0.1375,0.0976,5.682
FGD3,0.3219,1.7355,0.5558,0.2141
SNORA17B,2.3868,0.0,2.2172,0.5945
STON2,0.3561,5.4489,0.9855,2.6758
MIR155HG,1.9449,1.6135,0.7137,1.7225
PARM1,0.0144,0.0426,0.757,0.1763
TRIM16L,2.8135,5.7452,7.4968,3.7159
NGEF,0.0566,4.0968,1.433,2.8758
TRIM2,6.094,2.9653,2.3978,4.669
KRT7-AS,0.0,2.9298,4.0985,0.111
FADS1,5.0721,5.8006,6.2538,5.0575
GPM6B,6.3438,0.3896,2.2357,1.5211
IL4R,1.1309,4.7093,2.7377,4.4886
