DRUG_ID,DRUG_NAME,canonical_smiles,inchikey,canonical_drug_id
1003,Camptothecin,CCC1(O)C(=O)OCc2c1cc1n(c2=O)Cc2cc3ccccc3nc2-1,VSJKWCGYPAHWDS-UHFFFAOYSA-N,1003
1004,Vinblastine,CCC1(O)CC2CN(CCc3c([nH]c4ccccc34)C(C(=O)OC)(c3cc4c(cc3OC)N(C)C3C(O)(C(=O)OC)C(OC(C)=O)C5(CC)C=CCN6CCC43C65)C2)C1,JXLYSJRDGCGARV-UHFFFAOYSA-N,1004
1005,Cisplatin,Cl[Pt]Cl.N.N,LXZZYRPGZAFOLE-UHFFFAOYSA-L,1005
1006,Cytarabine,Nc1ccn(C2OC(CO)C(O)C2O)c(=O)n1,UHDGCWIWMRVCDJ-UHFFFAOYSA-N,1006
1007,Docetaxel,CC(=O)OC12COC1CC(O)C1(C)C(=O)C(O)C3=C(C)C(OC(=O)C(O)C(NC(=O)OC(C)(C)C)c4ccccc4)CC(O)(C(OC(=O)c4ccccc4)C21)C3(C)C,ZDZOTLJHXYCWBA-UHFFFAOYSA-N,1007
1008,Methotrexate,CN(Cc1cnc2nc(N)nc(N)c2n1)c1ccc(C(=O)NC(CCC(=O)O)C(=O)O)cc1,FBOZXECLQNJBKD-UHFFFAOYSA-N,1008
1009,Tretinoin,CC(C=CC1=C(C)CCCC1(C)C)=CC=CC(C)=CC(=O)O,SHGAZHPCJJPHSC-UHFFFAOYSA-N,1009
1010,Gefitinib,COc1cc2ncnc(Nc3ccc(F)c(Cl)c3)c2cc1OCCCN1CCOCC1,XGALLCVXEZPNRQ-UHFFFAOYSA-N,1010
1011,Navitoclax,CC1(C)CCC(c2ccc(Cl)cc2)=C(CN2CCN(c3ccc(C(=O)NS(=O)(=O)c4ccc(NC(CCN5CCOCC5)CSc5ccccc5)c(S(=O)(=O)C(F)(F)F)c4)cc3)CC2)C1,JLYAXFNOILIKPP-UHFFFAOYSA-N,1011
1012,Vorinostat,O=C(CCCCCCC(=O)Nc1ccccc1)NO,WAEXFXRVDQXREF-UHFFFAOYSA-N,1012
1013,Nilotinib,Cc1cn(-c2cc(NC(=O)c3ccc(C)c(Nc4nccc(-c5cccnc5)n4)c3)cc(C(F)(F)F)c2)cn1,HHZIURLSWUIHRB-UHFFFAOYSA-N,1013
1014,Refametinib,COc1cc(F)c(F)c(Nc2ccc(I)cc2F)c1NS(=O)(=O)C1(CC(O)CO)CC1,RDSACQWTXKSHJT-UHFFFAOYSA-N,1014
1016,Temsirolimus,COC1CC2CCC(C)C(O)(O2)C(=O)C(=O)N2CCCCC2C(=O)OC(C(C)CC2CCC(OC(=O)C(C)(CO)CO)C(OC)C2)CC(=O)C(C)C=C(C)C(O)C(OC)C(=O)C(C)CC(C)C=CC=CC=C1C,CBPNZQVSJQDFBE-UHFFFAOYSA-N,1016
1017,Olaparib,O=C(c1cc(Cc2n[nH]c(=O)c3ccccc23)ccc1F)N1CCN(C(=O)C2CC2)CC1,FDLYAMZZIXQODN-UHFFFAOYSA-N,1017
1018,Veliparib,CC1(c2nc3c(C(N)=O)cccc3[nH]2)CCCN1,JNAHVYVRKWKWKQ-UHFFFAOYSA-N,1018
1019,Bosutinib,COc1cc(Nc2c(C#N)cnc3cc(OCCCN4CCN(C)CC4)c(OC)cc23)c(Cl)cc1Cl,UBPYILGKFZZVDX-UHFFFAOYSA-N,1019
1020,Lenalidomide,Nc1cccc2c1CN(C1CCC(=O)NC1=O)C2=O,GOTYRUGSSMKFNF-UHFFFAOYSA-N,1020
1021,Axitinib,CNC(=O)c1ccccc1Sc1ccc2c(C=Cc3ccccn3)n[nH]c2c1,RITAVMQDGBJQJZ-UHFFFAOYSA-N,1021
1022,AZD7762,NC(=O)Nc1cc(-c2cccc(F)c2)sc1C(=O)NC1CCCNC1,IAYGCINLNONXHY-UHFFFAOYSA-N,1022
1023,GW441756,Cl.Cn1cc(C=C2C(=O)Nc3cccnc32)c2ccccc21,GXUJPQDCLCDKLU-UHFFFAOYSA-N,1023
1024,Lestaurtinib,CC12OC(CC1(O)CO)n1c3ccccc3c3c4c(c5c6ccccc6n2c5c31)CNC4=O,UIARLYUEJFELEN-UHFFFAOYSA-N,1024
1025,SB216763,Cn1cc(C2=C(c3ccc(Cl)cc3Cl)C(=O)NC2=O)c2ccccc21,JCSGFHVFHSKIJH-UHFFFAOYSA-N,1025
1026,Tanespimycin,C=CCNC1=C2CC(C)CC(OC)C(O)C(C)C=C(C)C(OC(N)=O)C(OC)C=CC=C(C)C(=O)NC(=CC1=O)C2=O,AYUNIORJHRXIBJ-UHFFFAOYSA-N,1026
1029,Motesanib,CC1(C)CNc2cc(NC(=O)c3cccnc3NCc3ccncc3)ccc21,RAHBGWKEPAQNFF-UHFFFAOYSA-N,1029
1030,KU-55933,O=c1cc(-c2cccc3c2Sc2ccccc2S3)oc(N2CCOCC2)c1,XRKYMMUGXMWDAO-UHFFFAOYSA-N,1030
1031,Elesclomol,CN(NC(=O)CC(=O)NN(C)C(=S)c1ccccc1)C(=S)c1ccccc1,BKJIXTWSNXCKJH-UHFFFAOYSA-N,1031
1032,Afatinib,CN(C)CC=CC(=O)Nc1cc2c(Nc3ccc(F)c(Cl)c3)ncnc2cc1OC1CCOC1,ULXXDDBFHOBEHA-UHFFFAOYSA-N,1032
1033,Vismodegib,CS(=O)(=O)c1ccc(C(=O)Nc2ccc(Cl)c(-c3ccccn3)c2)c(Cl)c1,BPQMGSKTAYIVFO-UHFFFAOYSA-N,1033
1034,Staurosporine,CNC1CC2OC(C)(C1OC)n1c3ccccc3c3c4c(c5c6ccccc6n2c5c31)C(=O)NC4,HKSZLNNOFSGOKW-UHFFFAOYSA-N,1034
1036,PLX-4720,CCCS(=O)(=O)Nc1ccc(F)c(C(=O)c2c[nH]c3ncc(Cl)cc23)c1F,YZDJQTHVDDOVHR-UHFFFAOYSA-N,1036
1037,BX795,O=C(NCCCNc1nc(Nc2cccc(NC(=O)N3CCCC3)c2)ncc1I)c1cccs1,VAVXGGRQQJZYBL-UHFFFAOYSA-N,1037
1038,NU7441,O=c1cc(N2CCOCC2)oc2c(-c3cccc4c3sc3ccccc34)cccc12,JAMULYFATHSZJM-UHFFFAOYSA-N,1038
1039,SL0101,CC(=O)OC1C(C)OC(Oc2c(-c3ccc(O)cc3)oc3cc(O)cc(O)c3c2=O)C(O)C1OC(C)=O,SXOZSDJHGMAEGZ-UHFFFAOYSA-N,1039
1042,Doramapimod,Cc1ccc(-n2nc(C(C)(C)C)cc2NC(=O)Nc2ccc(OCCN3CCOCC3)c3ccccc23)cc1,MVCOAUNKQVWQHZ-UHFFFAOYSA-N,1042
1043,JNK Inhibitor VIII,CCOc1nc(NC(=O)Cc2cc(OC)ccc2OC)cc(N)c1C#N,KQMPRSZTUSSXND-UHFFFAOYSA-N,1043
1046,Wee1 Inhibitor,O=C1NC(=O)c2c1c(-c1ccccc1Cl)cc1[nH]c3ccc(O)cc3c21,DPEXRCOBPACFOO-UHFFFAOYSA-N,1046
1047,Nutlin-3a (-),COc1ccc(C2=NC(c3ccc(Cl)cc3)C(c3ccc(Cl)cc3)N2C(=O)N2CCNC(=O)C2)c(OC(C)C)c1,BDUHCSBCVGXTJM-UHFFFAOYSA-N,1047
1048,Mirin,NC1=NC(=O)C(=Cc2ccc(O)cc2)S1,YBHQCJILTOVLHD-UHFFFAOYSA-N,1048
1049,PD173074,CCN(CC)CCCCNc1ncc2cc(-c3cc(OC)cc(OC)c3)c(NC(=O)NC(C)(C)C)nc2n1,DXCUKNQANPLTEJ-UHFFFAOYSA-N,1049
1050,ZM447439,COc1cc2c(Nc3ccc(NC(=O)c4ccccc4)cc3)ncnc2cc1OCCCN1CCOCC1,OGNYUTNQZVRGMN-UHFFFAOYSA-N,1050
1051,Alisertib,COc1cc(Nc2ncc3c(n2)-c2ccc(Cl)cc2C(c2c(F)cccc2OC)=NC3)ccc1C(=O)O,ZLHFILGSQDJULK-UHFFFAOYSA-N,1051
1052,RO-3306,O=C1NC(=NCc2cccs2)SC1=Cc1ccc2ncccc2c1,XOLMRFUGOINFDQ-UHFFFAOYSA-N,1052
1053,MK-2206,NC1(c2ccc(-c3nc4ccn5c(=O)[nH]nc5c4cc3-c3ccccc3)cc2)CCC1,ULDXWLCXEDXJGE-UHFFFAOYSA-N,1053
1054,Palbociclib,CC(=O)c1c(C)c2cnc(Nc3ccc(N4CCNCC4)cn3)nc2n(C2CCCC2)c1=O,AHJRHEGDXFFMBM-UHFFFAOYSA-N,1054
1057,Dactolisib,Cn1c(=O)n(-c2ccc(C(C)(C)C#N)cc2)c2c3cc(-c4cnc5ccccc5c4)ccc3ncc21,JOGKUKXHTYWRGZ-UHFFFAOYSA-N,1057
1058,Pictilisib,CS(=O)(=O)N1CCN(Cc2cc3nc(-c4cccc5[nH]ncc45)nc(N4CCOCC4)c3s2)CC1,LHNIIDJUOCFXAP-UHFFFAOYSA-N,1058
1059,AZD8055,COc1ccc(-c2ccc3c(N4CCOCC4C)nc(N4CCOCC4C)nc3n2)cc1CO,KVLFRAWTRWDEDF-UHFFFAOYSA-N,1059
1060,PD0325901,O=C(NOCC(O)CO)c1ccc(F)c(F)c1Nc1ccc(I)cc1F,SUDAHWBOROXANE-UHFFFAOYSA-N,1060
1061,SB590885,CN(C)CCOc1ccc(-c2nc(-c3ccc4c(c3)CCC4=NO)c(-c3ccncc3)[nH]2)cc1,MLSAQOINCGAULQ-UHFFFAOYSA-N,1061
1062,Selumetinib,Cn1cnc2c(F)c(Nc3ccc(Br)cc3Cl)c(C(=O)NOCCO)cc21,CYOHGALHFOKKQC-UHFFFAOYSA-N,1062
1067,CCT007093,O=C1C(=Cc2cccs2)CCC1=Cc1cccs1,KPFZCKDPBMGECB-UHFFFAOYSA-N,1067
1068,Obatoclax Mesylate,COc1cc(=C2C=c3ccccc3=N2)[nH]c1=Cc1[nH]c(C)cc1C.CS(=O)(=O)O,ZVAGBRFUYHSUHA-UHFFFAOYSA-N,1068
1069,EHT-1864,Cl.Cl.O=c1cc(CN2CCOCC2)occ1OCCCCCSc1ccnc2cc(C(F)(F)F)ccc12,LSECOAJFCKFQJG-UHFFFAOYSA-N,1069
1072,Avagacestat,NC(=O)C(CCC(F)(F)F)N(Cc1ccc(-c2ncon2)cc1F)S(=O)(=O)c1ccc(Cl)cc1,XEAOPVUAMONVLA-UHFFFAOYSA-N,1072
1073,5-Fluorouracil,O=c1[nH]cc(F)c(=O)[nH]1,GHASVSINZRGABV-UHFFFAOYSA-N,1073
1079,Dasatinib,Cc1nc(Nc2ncc(C(=O)Nc3c(C)cccc3Cl)s2)cc(N2CCN(CCO)CC2)n1,ZBNZXTGUTAYRHI-UHFFFAOYSA-N,1079
1080,Paclitaxel,CC(=O)OC1C(=O)C2(C)C(O)CC3OCC3(OC(C)=O)C2C(OC(=O)c2ccccc2)C2(O)CC(OC(=O)C(O)C(NC(=O)c3ccccc3)c3ccccc3)C(C)=C1C2(C)C,RCINICONZNJXQF-UHFFFAOYSA-N,1080
1083,Crizotinib,CC(Oc1cc(-c2cnn(C3CCNCC3)c2)cnc1N)c1c(Cl)ccc(F)c1Cl,KTEIFNKAUNYNJU-UHFFFAOYSA-N,1083
1084,Rapamycin,COC1CC2CCC(C)C(O)(O2)C(=O)C(=O)N2CCCCC2C(=O)OC(C(C)CC2CCC(O)C(OC)C2)CC(=O)C(C)C=C(C)C(O)C(OC)C(=O)C(C)CC(C)C=CC=CC=C1C,QFJCIRLUMZQUOT-UHFFFAOYSA-N,1084
1085,Sorafenib,CNC(=O)c1cc(Oc2ccc(NC(=O)Nc3ccc(Cl)c(C(F)(F)F)c3)cc2)ccn1,MLDQJTXFUGDVEO-UHFFFAOYSA-N,1085
1086,BI-2536,CCC1C(=O)N(C)c2cnc(Nc3ccc(C(=O)NC4CCN(C)CC4)cc3OC)nc2N1C1CCCC1,XQVVPGYIWAGRNI-UHFFFAOYSA-N,1086
1088,Irinotecan,CCc1c2c(nc3ccc(OC(=O)N4CCC(N5CCCCC5)CC4)cc13)-c1cc3c(c(=O)n1C2)COC(=O)C3(O)CC,UWKQSNNFCGGAFS-UHFFFAOYSA-N,1088
1089,Oxaliplatin,O=C(O)C(=O)O.[NH-]C1CCCCC1[NH-].[Pt+2],DRMCATBEKSVAPL-UHFFFAOYSA-N,1089
1091,BMS-536924,Cc1cc(N2CCOCC2)cc2[nH]c(-c3c(NCC(O)c4cccc(Cl)c4)cc[nH]c3=O)nc12,ZWVZORIKUNOTCS-UHFFFAOYSA-N,1091
1093,GSK1904529A,CCc1cc(Nc2nccc(-c3c(-c4ccc(OC)c(C(=O)Nc5c(F)cccc5F)c4)nc4ccccn34)n2)c(OC)cc1N1CCC(N2CCN(S(C)(=O)=O)CC2)CC1,MOSKATHMXWSZTQ-UHFFFAOYSA-N,1093
1096,Tozasertib,Cc1cc(Nc2cc(N3CCN(C)CC3)nc(Sc3ccc(NC(=O)C4CC4)cc3)n2)n[nH]1,GCIKSSRWRFVXBI-UHFFFAOYSA-N,1096
1129,PF-4708671,CCc1cncnc1N1CCN(Cc2nc3ccc(C(F)(F)F)cc3[nH]2)CC1,FBLPQCAQRNSVHB-UHFFFAOYSA-N,1129
1131,PRIMA-1MET,COCC1(CO)C(=O)C2CCN1CC2,BGBNULCRKBVAKL-UHFFFAOYSA-N,1131
1133,Serdemetan,c1ccc2c(CCNc3ccc(Nc4ccncc4)cc3)c[nH]c2c1,CEGSUKYESLWKJP-UHFFFAOYSA-N,1133
1149,TW 37,CC(C)c1ccccc1Cc1cc(C(=O)Nc2ccc(S(=O)(=O)c3ccccc3C(C)(C)C)cc2)c(O)c(O)c1O,PQAPVTKIEGUPRN-UHFFFAOYSA-N,1149
1168,Erlotinib,C#Cc1cccc(Nc2ncnc3cc(OCCOC)c(OCCOC)cc23)c1,AAKJLRGGTJKAMG-UHFFFAOYSA-N,1168
1170,CCT-018159,CCc1cc(-c2n[nH]c(C)c2-c2ccc3c(c2)OCCO3)c(O)cc1O,OWPMENVYXDJDOW-UHFFFAOYSA-N,1170
1175,Rucaparib,CNCc1ccc(-c2[nH]c3cc(F)cc4c3c2CCNC4=O)cc1,HMABYWSNWIZPAG-UHFFFAOYSA-N,1175
1177,Niraparib,NC(=O)c1cccc2cn(-c3ccc(C4CCCNC4)cc3)nc12,PCHKPVIQAHNQLW-UHFFFAOYSA-N,1177
1179,MK-1775,C=CCn1c(=O)c2cnc(Nc3ccc(N4CCN(C)CC4)cc3)nc2n1-c1cccc(C(C)(C)O)n1,BKWJAKQVGHWELA-UHFFFAOYSA-N,1179
1180,Dinaciclib,CCc1cnn2c(NCc3ccc[n+]([O-])c3)cc(N3CCCCC3CCO)nc12,PIMQWRZWLQKKBJ-UHFFFAOYSA-N,1180
1190,Gemcitabine,Nc1ccn(C2OC(CO)C(O)C2(F)F)c(=O)n1,SDUQYLNIPVEERB-UHFFFAOYSA-N,1190
1191,Bortezomib,CC(C)CC(NC(=O)C(Cc1ccccc1)NC(=O)c1cnccn1)B(O)O,GXJABQQUPOEUTA-UHFFFAOYSA-N,1191
1192,GSK269962A,CCn1c(-c2nonc2N)nc2cnc(Oc3cccc(NC(=O)c4ccc(OCCN5CCOCC5)cc4)c3)cc21,YOVNFNXUCOWYSG-UHFFFAOYSA-N,1192
1194,SB505124,Cc1cccc(-c2[nH]c(C(C)(C)C)nc2-c2ccc3c(c2)OCO3)n1,WGZOTBUYUFBEPZ-UHFFFAOYSA-N,1194
1199,Tamoxifen,CCC(=C(c1ccccc1)c1ccc(OCCN(C)C)cc1)c1ccccc1,NKANXQFJJICGDU-UHFFFAOYSA-N,1199
1200,Fulvestrant,CC12CCC3c4ccc(O)cc4CC(CCCCCCCCCS(=O)CCCC(F)(F)C(F)(F)F)C3C1CCC2O,VWUXBMIQPBEWFH-UHFFFAOYSA-N,1200
1237,EPZ004777,CC(C)N(CCCNC(=O)Nc1ccc(C(C)(C)C)cc1)CC1OC(n2ccc3c(N)ncnc32)C(O)C1O,WXRGFPHDRFQODR-UHFFFAOYSA-N,1237
1239,YK-4-279,COc1ccc(C(=O)CC2(O)C(=O)Nc3c(Cl)ccc(Cl)c32)cc1,HLXSCTYHLQHQDJ-UHFFFAOYSA-N,1239
1243,Piperlongumine,COc1cc(C=CC(=O)N2CCC=CC2=O)cc(OC)c1OC,VABYUUZNAVQNPG-UHFFFAOYSA-N,1243
1248,Daporinad,O=C(C=Cc1cccnc1)NCCCCC1CCN(C(=O)c2ccccc2)CC1,KPBNHDGDUADAGP-UHFFFAOYSA-N,1248
1249,BMS-345541,Cc1ccc2nc(NCCN)c3ncc(C)n3c2c1.Cl,MIDKPVLYXNLFGZ-UHFFFAOYSA-N,1249
1250,AZ960,Cc1cc(Nc2nc(NC(C)c3ccc(F)cc3)c(C#N)cc2F)n[nH]1,SUNXHXDJOIXABJ-UHFFFAOYSA-N,1250
1259,Talazoparib,Cn1ncnc1C1c2n[nH]c(=O)c3cc(F)cc(c23)NC1c1ccc(F)cc1,HWGQMRYQVZSGDQ-UHFFFAOYSA-N,1259
1268,XAV939,O=c1[nH]c(-c2ccc(C(F)(F)F)cc2)nc2c1CSCC2,KLGQSVMIPOVQAX-UHFFFAOYSA-N,1268
1372,Trametinib,CC(=O)Nc1cccc(-n2c(=O)n(C3CC3)c(=O)c3c(Nc4ccc(I)cc4F)n(C)c(=O)c(C)c32)c1,LIRYPHYGHXZJBZ-UHFFFAOYSA-N,1372
1373,Dabrafenib,CC(C)(C)c1nc(-c2cccc(NS(=O)(=O)c3c(F)cccc3F)c2F)c(-c2ccnc(N)n2)s1,BFSMGDJOXZAERB-UHFFFAOYSA-N,1373
1375,Temozolomide,Cn1nnc2c(C(N)=O)ncn2c1=O,BPEGJWRSRHCHSN-UHFFFAOYSA-N,1375
1378,Bleomycin (50 uM),Cc1c(N)nc(C(CC(N)=O)NCC(N)C(N)=O)nc1C(=O)NC(C(=O)NC(C)C(O)C(C)C(=O)NC(C(=O)NCCc1nc(-c2nc(C(=O)NCCC[S+](C)C)cs2)cs1)C(C)O)C(OC1OC(CO)C(O)C(O)C1OC1OC(CO)C(O)C(OC(N)=O)C1O)c1cnc[nH]1,OYVAGSVQBOHSSS-UHFFFAOYSA-O,1378
1401,AZD5438,Cc1ncc(-c2ccnc(Nc3ccc(S(C)(=O)=O)cc3)n2)n1C(C)C,WJRRGYBTGDJBFX-UHFFFAOYSA-N,1401
1428,IAP_5620,CC(N)Cc1ccc2c(c1)CCC2,QYVNZHBQYJRLEX-UHFFFAOYSA-N,1428
1441,AZD2014,CNC(=O)c1cccc(-c2ccc3c(N4CCOCC4C)nc(N4CCOCC4C)nc3n2)c1,JUSFANSTBFGBAF-UHFFFAOYSA-N,1441
1449,AZD1208,NC1CCCN(c2c(C=C3SC(=O)NC3=O)cccc2-c2ccccc2)C1,MCUJKPPARUPFJM-UHFFFAOYSA-N,1449
1463,AZD1332,CC(C)Oc1cc(Nc2nc(NC(C)c3ccc(F)cn3)ncc2Cl)[nH]n1,LBVKEEFIPBQIMD-UHFFFAOYSA-N,1463
1494,SN-38,CCc1c2c(nc3ccc(O)cc13)-c1cc3c(c(=O)n1C2)COC(=O)C3(O)CC,FJHBVJOVLFPMQE-UHFFFAOYSA-N,1494
1502,Bicalutamide,CC(O)(CS(=O)(=O)c1ccc(F)cc1)C(=O)Nc1ccc(C#N)c(C(F)(F)F)c1,LKJPYSCBVHEWIU-UHFFFAOYSA-N,1502
1507,Ruxolitinib,N#CCC(C1CCCC1)n1cc(-c2ncnc3[nH]ccc23)cn1,HFNKQEVNSGCOJV-UHFFFAOYSA-N,1507
1510,Linsitinib,CC1(O)CC(c2nc(-c3ccc4ccc(-c5ccccc5)nc4c3)c3c(N)nccn23)C1,PKCDDUHJAFVJJB-UHFFFAOYSA-N,1510
1511,Epirubicin,COc1cccc2c1C(=O)c1c(O)c3c(c(O)c1C2=O)CC(O)(C(=O)CO)CC3OC1CC(N)C(O)C(C)O1,AOJJSUZBOXZQNB-UHFFFAOYSA-N,1511
1512,Cyclophosphamide,O=P1(N(CCCl)CCCl)NCCCO1,CMSMOCZEIVJLDB-UHFFFAOYSA-N,1512
1529,Pevonedistat,NS(=O)(=O)OCC1CC(n2ccc3c(NC4CCc5ccccc54)ncnc32)CC1O,MPUQHZXIXSTTDU-UHFFFAOYSA-N,1529
1549,Sapitinib,CNC(=O)CN1CCC(Oc2cc3c(Nc4cccc(Cl)c4F)ncnc3cc2OC)CC1,DFJSJLGUIXFDJP-UHFFFAOYSA-N,1549
1553,Uprosertib,Cn1ncc(Cl)c1-c1cc(C(=O)NC(CN)Cc2ccc(F)c(F)c2)oc1Cl,AXTAPYRUEKNRBA-UHFFFAOYSA-N,1553
1557,LCL161,CNC(C)C(=O)NC(C(=O)N1CCCC1c1nc(C(=O)c2ccc(F)cc2)cs1)C1CCCCC1,UFPFGVNKHCLJJO-UHFFFAOYSA-N,1557
1558,Lapatinib,CS(=O)(=O)CCNCc1ccc(-c2ccc3ncnc(Nc4ccc(OCc5cccc(F)c5)c(Cl)c4)c3c2)o1,BCFGMOOMADDAQU-UHFFFAOYSA-N,1558
1559,Luminespib,CCNC(=O)c1noc(-c2cc(C(C)C)c(O)cc2O)c1-c1ccc(CN2CCOCC2)cc1,NDAZATDQFDPQBD-UHFFFAOYSA-N,1559
1560,Alpelisib,Cc1nc(NC(=O)N2CCCC2C(N)=O)sc1-c1ccnc(C(C)(C)C(F)(F)F)c1,STUWGJZDJHPWGZ-UHFFFAOYSA-N,1560
1561,Taselisib,Cc1nc(-c2cn3c(n2)-c2ccc(-c4cnn(C(C)(C)C(N)=O)c4)cc2OCC3)n(C(C)C)n1,BEUQXVWXFDOSAQ-UHFFFAOYSA-N,1561
1563,EPZ5676,CC(C)N(CC1OC(n2cnc3c(N)ncnc32)C(O)C1O)C1CC(CCc2nc3ccc(C(C)(C)C)cc3[nH]2)C1,LXFOLMYKSYSZQS-UHFFFAOYSA-N,1563
1564,SCH772984,O=C(Nc1ccc2[nH]nc(-c3ccncc3)c2c1)C1CCN(CC(=O)N2CCN(c3ccc(-c4ncccn4)cc3)CC2)C1,HDAJDNHIBCDLQF-UHFFFAOYSA-N,1564
1576,IWP-2,Cc1ccc2nc(NC(=O)CSc3nc4c(c(=O)n3-c3ccccc3)SCC4)sc2c1,WRKPZSMRWPJJDH-UHFFFAOYSA-N,1576
1578,Leflunomide,Cc1oncc1C(=O)Nc1ccc(C(F)(F)F)cc1,VHOGYURTWQBHIL-UHFFFAOYSA-N,1578
1580,GSK2801,CCCOc1ccn2c(C(C)=O)cc(-c3ccccc3S(C)(=O)=O)c2c1,KHWCPNJRJCNVRI-UHFFFAOYSA-N,1580
1581,Bromosporine,CCOC(=O)Nc1cc(-c2ccc(C)c(NS(C)(=O)=O)c2)nn2c(C)nnc12,UYBRROMMFMPJAN-UHFFFAOYSA-N,1581
1582,SGC-CBP30,COc1ccc(CCc2nc3cc(-c4c(C)noc4C)ccc3n2CC(C)N2CCOCC2)cc1Cl,GEPYBHCJBORHCE-UHFFFAOYSA-N,1582
1583,GSK-LSD1,c1ccc(C2CC2NC2CCNCC2)cc1,BASFYRLYJAZPPL-UHFFFAOYSA-N,1583
1593,Entinostat,Nc1ccccc1NC(=O)c1ccc(CNC(=O)OCc2cccnc2)cc1,INVTYAOGFAGBOE-UHFFFAOYSA-N,1593
1594,OSI-027,COc1cccc2cc(-c3nc(C4CCC(C(=O)O)CC4)n4ncnc(N)c34)[nH]c12,JROFGZPOBKIAEW-UHFFFAOYSA-N,1594
1598,LGK974,Cc1cc(-c2ncc(CC(=O)Nc3ccc(-c4cnccn4)cn3)cc2C)ccn1,XXYGTCZJJLTAGH-UHFFFAOYSA-N,1598
1613,VE-822,CNCc1ccc(-c2cc(-c3nc(-c4ccc(S(=O)(=O)C(C)C)cc4)cnc3N)on2)cc1,JZCWLJDSIRUGIN-UHFFFAOYSA-N,1613
1614,WZ4003,CCC(=O)Nc1cccc(Oc2nc(Nc3ccc(N4CCN(C)CC4)cc3OC)ncc2Cl)c1,SDGJBAUIGHSMRI-UHFFFAOYSA-N,1614
1615,CZC24832,CC(C)(C)NS(=O)(=O)c1cncc(-c2cc(F)c3nc(N)nn3c2)c1,RXRZPHQBTHQXSV-UHFFFAOYSA-N,1615
1617,AZD5582,CNC(C)C(=O)NC(C(=O)N1CCCC1C(=O)NC1c2ccccc2CC1OCC#CC#CCOC1Cc2ccccc2C1NC(=O)C1CCCN1C(=O)C(NC(=O)C(C)NC)C1CCCCC1)C1CCCCC1,WLMCRYCCYXHPQF-UHFFFAOYSA-N,1617
1618,GSK2606414,Cn1cc(-c2ccc3c(c2)CCN3C(=O)Cc2cccc(C(F)(F)F)c2)c2c(N)ncnc21,SIXVRXARNAVBTC-UHFFFAOYSA-N,1618
1620,PFI3,O=C(C=CN1CC2CC1CN2c1ccccn1)c1ccccc1O,INAICWLVUAKEPB-UHFFFAOYSA-N,1620
1621,PCI-34051,COc1ccc(Cn2ccc3ccc(C(=O)NO)cc32)cc1,AJRGHIGYPXNABY-UHFFFAOYSA-N,1621
1622,Wnt-C59,Cc1cc(-c2ccc(CC(=O)Nc3ccc(-c4cccnc4)cc3)cc2)ccn1,KHZOJCQBHJUJFY-UHFFFAOYSA-N,1622
1624,I-BET-762,CCNC(=O)CC1N=C(c2ccc(Cl)cc2)c2cc(OC)ccc2-n2c(C)nnc21,AAAQFGUYHFJNHI-UHFFFAOYSA-N,1624
1625,RVX-208,COc1cc(OC)c2c(=O)[nH]c(-c3cc(C)c(OCCO)c(C)c3)nc2c1,NETXMUIMUZJUTB-UHFFFAOYSA-N,1625
1626,OTX015,Cc1sc2c(c1C)C(c1ccc(Cl)cc1)=NC(CC(=O)Nc1ccc(O)cc1)c1nnc(C)n1-2,GNMUEVRJHCWKTO-UHFFFAOYSA-N,1626
1627,GSK343,CCCc1cc(C)[nH]c(=O)c1CNC(=O)c1cc(-c2ccnc(N3CCN(C)CC3)c2)cc2c1cnn2C(C)C,ULNXAWLQFZMIHX-UHFFFAOYSA-N,1627
1629,ML323,Cc1cnc(-c2ccccc2C(C)C)nc1NCc1ccc(-n2ccnn2)cc1,VUIRVWPJNKZOSS-UHFFFAOYSA-N,1629
1630,Entospletinib,c1cn2cc(-c3ccc4cn[nH]c4c3)nc(Nc3ccc(N4CCOCC4)cc3)c2n1,XSMSNFMDVXXHGJ-UHFFFAOYSA-N,1630
1631,PRT062607,NC(=O)c1cnc(NC2CCCCC2N)nc1Nc1cccc(-n2nccn2)c1,TXGKRVFSSHPBAJ-UHFFFAOYSA-N,1631
1632,Ribociclib,CN(C)C(=O)c1cc2cnc(Nc3ccc(N4CCNCC4)cn3)nc2n1C1CCCC1,RHXHGRAEPCAFML-UHFFFAOYSA-N,1632
1634,AGI-6780,O=C(Nc1cccc(C(F)(F)F)c1)Nc1cc(S(=O)(=O)NC2CC2)ccc1-c1ccsc1,CCAWRGNYALGPQH-UHFFFAOYSA-N,1634
1635,Picolinici-acid,O=C([O-])c1ccccn1,SIOXPEMLGUPBBT-UHFFFAOYSA-M,1635
1706,AZD5153,COc1nnc2ccc(N3CCC(c4ccc(OCCN5CCN(C)C(=O)C5C)cc4)CC3)nn12,RSMYFSPOTCDHHJ-UHFFFAOYSA-N,1706
1712,Eg5_9814,CC(=O)NC(Cc1ccccc1Cl)C(=O)N1CCCC12C=CC1CCC(C(=O)N3CCC4C=CC5CCC(C(=O)O)N5C(=O)C43)N1C2=O,AYDUPBNKBXOHLZ-UHFFFAOYSA-N,1712
1713,ERK_2440,CC(C)Nc1cc(-c2c[nH]c(C(=O)N[C@H](CO)c3cccc(Cl)c3)c2)c(Cl)cn1,KSERXGMCDHOLSS-LJQANCHMSA-N,1713
1720,AZD5991,Cc1c2c(nn1C)CSCc1cc(n(C)n1)CSc1cc(c3ccccc3c1)OCCCc1c(C(=O)O)n(C)c3c-2c(Cl)ccc13,KBQCEQAXHPIRTF-UHFFFAOYSA-N,1720
1730,PAK_5339,CC(NC(=O)C1CCCN1)C(=O)NC(CCCCN)C(=O)O,FYQSMXKJYTZYRP-UHFFFAOYSA-N,1730
1739,JAK_8517,Cc1nc2cnc3[nH]ccc3c2n1C1CCNCC1,XTQACRIFOIASKV-UHFFFAOYSA-N,1739
1778,GSK2110183B,Cl.Cn1ncc(Cl)c1-c1cc(C(=O)NC(CN)Cc2cccc(F)c2)sc1Cl,YFQJOPFTGMHYNV-UHFFFAOYSA-N,1778
1786,AZD4547,COc1cc(CCc2cc(NC(=O)c3ccc(N4CC(C)NC(C)C4)cc3)n[nH]2)cc(OC)c1,VRQMAABPASPXMW-UHFFFAOYSA-N,1786
1799,Ibrutinib,C=CC(=O)N1CCCC(n2nc(-c3ccc(Oc4ccccc4)cc3)c3c(N)ncnc32)C1,XYFPWWZEPKGCCK-UHFFFAOYSA-N,1799
1802,Zoledronate,O=P(O)(O)C(O)(Cn1ccnc1)P(=O)(O)O,XRASPMIURGNCCH-UHFFFAOYSA-N,1802
1803,Acetalax,CC(=O)Oc1ccc(C2(c3ccc(OC(C)=O)cc3)C(=O)Nc3ccccc32)cc1,PHPUXYRXPHEJDF-UHFFFAOYSA-N,1803
1808,Topotecan,CCC1(O)C(=O)OCc2c1cc1n(c2=O)Cc2cc3c(CN(C)C)c(O)ccc3nc2-1,UCFGDBYHRUNTLO-UHFFFAOYSA-N,1808
1809,Teniposide,COc1cc(C2c3cc4c(cc3C(OC3OC5COC(c6cccs6)OC5C(O)C3O)C3COC(=O)C23)OCO4)cc(OC)c1O,NRUKOCRGYNPUPR-UHFFFAOYSA-N,1809
1810,Mitoxantrone,O=C1c2c(O)ccc(O)c2C(=O)c2c(NCCNCCO)ccc(NCCNCCO)c21,KKZJGLLVHKMTCM-UHFFFAOYSA-N,1810
1811,Dactinomycin,Cc1c2oc3c(C)ccc(C(=O)NC4C(=O)NC(C(C)C)C(=O)N5CCCC5C(=O)N(C)CC(=O)N(C)C(C(C)C)C(=O)OC4C)c3nc-2c(C(=O)NC2C(=O)NC(C(C)C)C(=O)N3CCCC3C(=O)N(C)CC(=O)N(C)C(C(C)C)C(=O)OC2C)c(N)c1=O,RJURFGZVJUQBHK-UHFFFAOYSA-N,1811
1813,Fludarabine,Nc1nc(F)nc2c1ncn2C1OC(CO)C(O)C1O,HBUBKKRHXORPQB-UHFFFAOYSA-N,1813
1814,Nelarabine,COc1nc(N)nc2c1ncn2C1OC(CO)C(O)C1O,IXOXBSCIXZEQEQ-UHFFFAOYSA-N,1814
1815,Dacarbazine,CN(C)N=Nc1nc[nH]c1C(N)=O,FDKXTQMXEQVLRF-UHFFFAOYSA-N,1815
1817,Romidepsin,CC=C1NC(=O)C2CSSCCC=CC(CC(=O)NC(C(C)C)C(=O)N2)OC(=O)C(C(C)C)NC1=O,OHRURASPPZQGQM-UHFFFAOYSA-N,1817
1825,Podophyllotoxin bromide,COc1cc(C2c3cc4c(cc3C(Br)C3COC(=O)C23)OCO4)cc(OC)c1OC,VNDCSULMOTZMNT-UHFFFAOYSA-N,1825
1827,Dihydrorotenone,COc1cc2c(cc1OC)C1C(=O)c3ccc4c(c3OC1CO2)CC(C(C)C)O4,DTFARBHXORYQBF-UHFFFAOYSA-N,1827
1830,Gallibiscoquinazole,COC(=O)NC1(NC(=O)OC)NC(=O)c2cc(OC)c(OC)c(OC)c2N1,LZHVHZJESCMXKN-UHFFFAOYSA-N,1830
1831,L-Oxonoreleagnine,O=C1NCCc2c1[nH]c1ccccc21,FZHZQHNKCPJTNQ-UHFFFAOYSA-N,1831
1835,Elephantin,C=C1C(=O)OC2C1C(OC(=O)C=C(C)C)CC1=CC(CC3(C)OC23)OC1=O,HSTUUCOYVIWGLJ-UHFFFAOYSA-N,1835
1838,Sinularin,C=C1C(=O)OC2CC1CCC1(C)OC1CCC(C)=CCCC2(C)O,YKKJETNBRNDYKN-UHFFFAOYSA-N,1838
1843,LMP744,COc1cc2c3c(n(CCCNCCO)c(=O)c2cc1OC)-c1cc2c(cc1C3=O)OCO2,QCSDJDQOJBQTDV-UHFFFAOYSA-N,1843
1845,Schweinfurthin A,CC(C)=CCCC(C)=CCc1c(O)cc(C=Cc2cc(O)c3c(c2)CC2C(C)(CC(O)C(O)C2(C)C)O3)cc1O,HSDZWMOBUPRZEU-UHFFFAOYSA-N,1845
1847,BEN,N=C(N)c1ccccc1,PXXJHWLDUBFPOL-UHFFFAOYSA-N,1847
1849,Sabutoclax,Cc1cc2c(C(=O)NCC(C)c3ccccc3)c(O)c(O)cc2c(O)c1-c1c(C)cc2c(C(=O)NCC(C)c3ccccc3)c(O)c(O)cc2c1O,RAYNZUHYMMLQQA-UHFFFAOYSA-N,1849
1852,LY2109761,c1ccc(-c2nn3c(c2-c2ccnc4cc(OCCN5CCOCC5)ccc24)CCC3)nc1,IHLVSLOZUHKNMQ-UHFFFAOYSA-N,1852
1853,OF-1,COc1cc2c(cc1NS(=O)(=O)c1ccc(Br)cc1C)n(C)c(=O)n2C,YUNQZQREIHWDQT-UHFFFAOYSA-N,1853
1854,MN-64,CC(C)c1ccc(-c2cc(=O)c3ccccc3o2)cc1,PYTOHIUBXSJKQH-UHFFFAOYSA-N,1854
1855,KRAS (G12C) Inhibitor-12,C=CC(=O)N1CCN(c2snc3c(F)c(-c4nc(N)ccc4Cl)c(Cl)cc23)CC1,MOIGORLHBXDEMI-UHFFFAOYSA-N,1855
1862,MG-132,CC(C)CC(C=O)NC(=O)C(CC(C)C)NC(=O)C(CC(C)C)NC(=O)OCc1ccccc1,TZYWCYJVHRLUCT-UHFFFAOYSA-N,1862
1873,Buparlisib,Nc1cc(C(F)(F)F)c(-c2cc(N3CCOCC3)nc(N3CCOCC3)n2)cn1,CWHUFRVAEUJCEF-UHFFFAOYSA-N,1873
1908,Ulixertinib,CC(C)Nc1cc(-c2c[nH]c(C(=O)NC(CO)c3cccc(Cl)c3)c2)c(Cl)cn1,KSERXGMCDHOLSS-UHFFFAOYSA-N,1908
1909,Venetoclax,CC1(C)CCC(CN2CCN(c3ccc(C(=O)NS(=O)(=O)c4ccc(NCC5CCOCC5)c([N+](=O)[O-])c4)c(Oc4cnc5[nH]ccc5c4)c3)CC2)=C(c2ccc(Cl)cc2)C1,LQBVNQSMGBZMKD-UHFFFAOYSA-N,1909
1910,ABT737,CN(C)CCC(CSc1ccccc1)Nc1ccc(S(=O)(=O)NC(=O)c2ccc(N3CCN(Cc4ccccc4-c4ccc(Cl)cc4)CC3)cc2)cc1[N+](=O)[O-],HPLNQCPCUACXLM-UHFFFAOYSA-N,1910
1912,Afuresertib,Cn1ncc(Cl)c1-c1cc(C(=O)NC(CN)Cc2cccc(F)c2)sc1Cl,AFJRDFWMXUECEW-UHFFFAOYSA-N,1912
1913,AGI-5198,Cc1ccccc1C(C(=O)NC1CCCCC1)N(C(=O)Cn1ccnc1C)c1cccc(F)c1,FNYGWXSATBUBER-UHFFFAOYSA-N,1913
1915,AZD3759,COc1cc2ncnc(Nc3cccc(Cl)c3F)c2cc1OC(=O)N1CCN(C)CC1C,MXDSJQHFFDGFDK-UHFFFAOYSA-N,1915
1916,AZD5363,NC1(C(=O)NC(CCO)c2ccc(Cl)cc2)CCN(c2ncnc3[nH]ccc23)CC1,JDUBGYFRJFOXQC-UHFFFAOYSA-N,1916
1917,AZD6738,CC1COCCN1c1cc(C2(S(C)(=N)=O)CC2)nc(-c2cncc3[nH]ccc23)n1,DTTJKLNXNZAVSM-UHFFFAOYSA-N,1917
1918,AZD8186,CC(Nc1cc(F)cc(F)c1)c1cc(C(=O)N(C)C)cc2c(=O)cc(N3CCOCC3)oc12,LMJFJIDLEAWOQJ-UHFFFAOYSA-N,1918
1919,Osimertinib,C=CC(=O)Nc1cc(Nc2nccc(-c3cn(C)c4ccccc34)n2)c(OC)cc1N(C)CCN(C)C,DUYJMQONPNNFPI-UHFFFAOYSA-N,1919
1922,Cediranib,COc1cc2c(Oc3ccc4[nH]c(C)cc4c3F)ncnc2cc1OCCCN1CCCC1,XXJWYDDUDKYVKI-UHFFFAOYSA-N,1922
1924,Ipatasertib,CC(C)NCC(C(=O)N1CCN(c2ncnc3c2C(C)CC3O)CC1)c1ccc(Cl)cc1,GRZXWCHAXNAUHY-UHFFFAOYSA-N,1924
1925,GDC0810,CCC(=C(c1ccc(C=CC(=O)O)cc1)c1ccc2[nH]ncc2c1)c1ccc(F)cc1Cl,BURHGPHDEVGCEZ-UHFFFAOYSA-N,1925
1926,GNE-317,COC1(c2sc3c(N4CCOCC4)nc(-c4cnc(N)nc4)nc3c2C)COC1,XOZLHJMDLKDZAL-UHFFFAOYSA-N,1926
1927,GSK2578215A,O=C(Nc1cccnc1)c1cc(-c2ccnc(F)c2)ccc1OCc1ccccc1,WCIGMFCFPXZRMQ-UHFFFAOYSA-N,1927
1928,I-BRD9,CCn1cc(-c2cccc(C(F)(F)F)c2)c2sc(C(N)=NC3CCS(=O)(=O)CC3)cc2c1=O,WRUWGLUCNBMGPS-UHFFFAOYSA-N,1928
1930,Telomerase Inhibitor IX,O=C(Nc1cccc(NC(=O)c2cccc(O)c2O)c1)c1cccc(O)c1O,MIQUEZGHEJGPJB-UHFFFAOYSA-N,1930
1931,MIRA-1,CCC(=O)OCN1C(=O)C=CC1=O,YXEWPGYLMHXLPS-UHFFFAOYSA-N,1931
1932,NVP-ADW742,Nc1ncnc2c1c(-c1cccc(OCc3ccccc3)c1)cn2C1CC(CN2CCCC2)C1,LSFLAQVDISHMNB-UHFFFAOYSA-N,1932
1933,P22077,CC(=O)c1cc([N+](=O)[O-])c(Sc2ccc(F)cc2F)s1,RMAMGGNACJHXHO-UHFFFAOYSA-N,1933
1936,Savolitinib,CC(c1ccc2nccn2c1)n1nnc2ncc(-c3cnn(C)c3)nc21,XYDNMOZJKOGZLS-UHFFFAOYSA-N,1936
1939,UMI-77,O=C(O)CSc1cc(NS(=O)(=O)c2ccc(Br)cc2)c2ccccc2c1O,WUGANDSUVKXMEC-UHFFFAOYSA-N,1939
1940,WIKI4,COc1ccc(-n2c(SCCCN3C(=O)c4cccc5cccc(c45)C3=O)nnc2-c2ccncc2)cc1,RNUXIZKXJOGYQP-UHFFFAOYSA-N,1940
1941,Sepantronium bromide,COCCn1c2c([n+](Cc3cnccn3)c1C)C(=O)c1ccccc1C2=O.[Br-],QBIYUDDJPRGKNJ-UHFFFAOYSA-M,1941
1996,MIM1,Cc1csc(=NC2CCCCC2)n1N=Cc1ccc(O)c(O)c1O,RGGFUBMUOVFZEF-UHFFFAOYSA-N,1996
1997,WEHI-539,NCc1ccc(OCCCc2sc(-c3ccc4c(c3)C(=NNc3nc5ccccc5s3)CCC4)nc2C(=O)O)cc1,JKMWZKPAXZBYEH-UHFFFAOYSA-N,1997
2010,HKMTI-1-005,COc1cc2nc(N3CCN(C)CC3)nc(NC3CCN(Cc4ccccc4)CC3)c2cc1OC,LDFAJFPHFKEJOI-UHFFFAOYSA-N,2010
2011,ICL-SIRT078,COc1ccc2ccccc2c1Cn1cnc2sc3c(c2c1=O)CCC(NCc1cccnc1)C3,UEJBOCXPGHSONP-UHFFFAOYSA-N,2011
2038,UNC0638,COc1cc2c(NC3CCN(C(C)C)CC3)nc(C3CCCCC3)nc2cc1OCCCN1CCCC1,QOECJCJVIMVJGX-UHFFFAOYSA-N,2038
2039,AGK2,N#CC(=Cc1ccc(-c2cc(Cl)ccc2Cl)o1)C(=O)Nc1cccc2ncccc12,SVENPFFEMUOOGK-UHFFFAOYSA-N,2039
2040,Foretinib,COc1cc2c(Oc3ccc(NC(=O)C4(C(=O)Nc5ccc(F)cc5)CC4)cc3F)ccnc2cc1OCCCN1CCOCC1,CXQHYVUVSFXTMY-UHFFFAOYSA-N,2040
2043,BIBR-1532,CC(=CC(=O)Nc1ccccc1C(=O)O)c1ccc2ccccc2c1,PGFQXGLPJUCTOI-UHFFFAOYSA-N,2043
2044,Pyridostatin,NCCOc1cc(C(=O)Nc2cc(OCCN)c3ccccc3n2)nc(C(=O)Nc2cc(OCCN)c3ccccc3n2)c1,VGHSATQVJCTKEF-UHFFFAOYSA-N,2044
2045,AMG-319,CC(Nc1ncnc2nc[nH]c12)c1cc2ccc(F)cc2nc1-c1ccccn1,KWRYMZHCQIOOEB-UHFFFAOYSA-N,2045
2046,MK-8776,Cn1cc(-c2cnn3c(N)c(Br)c(C4CCCNC4)nc23)cn1,GMIZZEXBPRLVIV-UHFFFAOYSA-N,2046
2048,Vinorelbine,CCC1=CC2CN(C1)Cc1c([nH]c3ccccc13)C(C(=O)OC)(c1cc3c(cc1OC)N(C)C1C(O)(C(=O)OC)C(OC(C)=O)C4(CC)C=CCN5CCC31C54)C2,GBABOYUKABKIAF-UHFFFAOYSA-N,2048
2055,Mycophenolic acid,COc1c(C)c2c(c(O)c1CC=C(C)CCC(=O)O)C(=O)OC2,HPNSFSBZBAHARI-UHFFFAOYSA-N,2055
2057,Remodelin,N#Cc1ccc(-c2csc(NN=C3CCCC3)n2)cc1,XAEJIFARBQJLML-UHFFFAOYSA-N,2057
2096,VX-11e,Cc1cnc(Nc2ccc(F)cc2Cl)nc1-c1c[nH]c(C(=O)NC(CO)c2cccc(Cl)c2)c1,WUTVMXLIGHTZJC-UHFFFAOYSA-N,2096
2107,LJI308,Oc1c(F)cc(-c2cnccc2-c2ccc(N3CCOCC3)cc2)cc1F,YUYJEQHNWKQNBT-UHFFFAOYSA-N,2107
2109,AZ6102,Cc1cc(N2CC(C)NC(C)C2)ncc1-c1ccc(-c2nc3c(ccn3C)c(=O)[nH]2)cc1,WCPTUQOMNJBIET-UHFFFAOYSA-N,2109
2110,GSK591,O=C(NCC(O)CN1CCc2ccccc2C1)c1ccnc(NC2CCC2)c1,TWKYXZSXXXKKJU-UHFFFAOYSA-N,2110
2111,VE821,CS(=O)(=O)c1ccc(-c2cnc(N)c(C(=O)Nc3ccccc3)n2)cc1,DUIHHZKTCSNTGM-UHFFFAOYSA-N,2111
2148,POMHEX,CC(C)(C)C(=O)OCOP(=O)(OCOC(=O)C(C)(C)C)C1CCCN(O)C1=O,TVFIFFUSHZDTKT-UHFFFAOYSA-N,2148
2154,GSK-LSD1-2HCl ,Cl.Cl.c1ccc(C2CC2NC2CCNCC2)cc1,PJFZOGMSPBHPNS-UHFFFAOYSA-N,2154
2156,5-azacytidine,Nc1ncn(C2OC(CO)C(O)C2O)c(=O)n1,NMUSYJAQQFHJEW-UHFFFAOYSA-N,2156
2157,A-366,COc1cc2c(cc1OCCCN1CCCC1)N=C(N)C21CCC1,BKCDJTRMYWSXMC-UHFFFAOYSA-N,2157
2158,CPI-637,CC1CC(=O)Nc2cccc(-c3ccc4c(c3)c(-c3cnn(C)c3)nn4C)c2N1,BFTKDWYIRJGJCA-UHFFFAOYSA-N,2158
2159,UNC0379,COc1cc2nc(N3CCCC3)nc(NCCCCCN3CCCC3)c2cc1OC,WEXCGGWTIDNVNT-UHFFFAOYSA-N,2159
2169,AZD6482,Cc1cc(C(C)Nc2ccccc2C(=O)O)c2nc(N3CCOCC3)cc(=O)n2c1,IRTDIKMSKMREGO-UHFFFAOYSA-N,2169
2170,AT13148,NCC(O)(c1ccc(Cl)cc1)c1ccc(-c2cn[nH]c2)cc1,IIRWNGPLJQXWFJ-UHFFFAOYSA-N,2170
2171,BMS-754807,CC1(C(=O)Nc2ccc(F)nc2)CCCN1c1nc(Nc2cc(C3CC3)[nH]n2)c2cccn2n1,LQVXSNNAFNGRAH-UHFFFAOYSA-N,2171
2172,JQ1,Cc1sc2c(c1C)C(c1ccc(Cl)cc1)=NC(CC(=O)OC(C)(C)C)c1nnc(C)n1-2,DNVXATUJJDPFDM-UHFFFAOYSA-N,2172
2173,PFI-1,COc1ccccc1S(=O)(=O)Nc1ccc2c(c1)CN(C)C(=O)N2,TXZPMHLMPKIUGK-UHFFFAOYSA-N,2173
2174,IOX2,O=C(O)CNC(=O)c1c(O)c2ccccc2n(Cc2ccccc2)c1=O,CAOSCCRYLYQBES-UHFFFAOYSA-N,2174
2175,CHIR-99021,Cc1cnc(-c2cnc(NCCNc3ccc(C#N)cn3)nc2-c2ccc(Cl)cc2Cl)[nH]1,AQGNHMOJWBZFQQ-UHFFFAOYSA-N,2175
2177,SGC0946,CC(C)N(CCCNC(=O)Nc1ccc(C(C)(C)C)cc1)CC1OC(n2cc(Br)c3c(N)ncnc32)C(O)C1O,IQCKJUKAQJINMK-UHFFFAOYSA-N,2177
2359,GSK2830371,Cc1ncc(Cl)cc1NCc1ccc(C(=O)NC(CC2CCCC2)C(=O)NC2CC2)s1,IVDUVEGCMXCMSO-UHFFFAOYSA-N,2359
2360,THR-101,Cc1ccccc1-n1sc2cc(F)ccc2c1=O,BUIZTXXZBDUOCR-UHFFFAOYSA-N,2360
2438,ascorbate (vitamin C),O=C1OC(C(O)CO)C(O)=C1O,CIWBSHSKHKDKBQ-UHFFFAOYSA-N,2438
2439,glutathione,NC(CCC(=O)NC(CS)C(=O)NCC(=O)O)C(=O)O,RWSXRVCMGQZWBV-UHFFFAOYSA-N,2439
2498,alpha-lipoic acid,O=C(O)CCCCC1CCSS1,AGBQKNBQESQNJD-UHFFFAOYSA-N,2498
2499,N-acetyl cysteine,CC(=O)NC(CS)C(=O)O,PWKSKIMOESPYIA-UHFFFAOYSA-N,2499
1776,GSK2256098C,CONC(=O)c1ccccc1Nc1cc(Nc2cc(C)nn2C(C)C)ncc1Cl,BVAHPPKGOOJSPU-UHFFFAOYSA-N,1776
1779,GSK626616AC,O=C1NC(=Nc2c(Cl)cccc2Cl)SC1=Cc1ccc2nccnc2c1,RJPNRXFBYZVRIB-UHFFFAOYSA-N,1779
1782,GSK2830371A,Cc1ncc(Cl)cc1NCc1ccc(C(=O)NC(CC2CCCC2)C(=O)NC2CC2)s1,IVDUVEGCMXCMSO-UHFFFAOYSA-N,1782
